ciBusinessName(EC),ciFiscalCode(EC),ptBusinessName(PT-EC Int),ptFiscalCode(PT-EC Int)
2 Circolo Didattico ''San Giovanni Bosco'',80012320729,Ministero dell'istruzione e del merito,80185250588
2V ENERGY S.R.L.,03795470248,Nexi SpA,13212880150
3 Istituto Comprensivo Nocera Inferiore,94076720658,ARGO SOFTWARE SRL,00838520880
3 Istituto Comprensivo Nocera Inferiore,94076720658,Ministero dell'istruzione e del merito,80185250588
A.AM.P.S. Azienda Ambientale di Pubblico Servizio S.p.A.,01168310496,Poste Italiane S.P.A.,97103880585
A.AM.P.S. Azienda Ambientale di Pubblico Servizio S.p.A.,01168310496,Advanced Systems S.p.A.,03383350638
A.Di.S.U.R.C. Azienda per Il Diritto allo Studio Universitario della Regione Campania,08699411214,Regione Campania,80011990639
A.EG.Riscossioni S.p.A.,02516300460,Sintax s.r.l.,02177970783
A.F.Formiggini Lliceo Scientifico e Classico,93038940362,Ministero dell'istruzione e del merito,80185250588
A.I.C.A. - AZIENDA IDRICA COMUNI AGRIGENTINI,03021250844,Engineering Ingegneria Informatica SpA,00967720285
A.M.C. S.p.A.,91015980062,Intesa Sanpaolo SPA,00799960158
A.M.E.S. Azienda Multiservizi Economici Sociali,02979860273,Intesa Sanpaolo SPA,00799960158
A.o.u. - 'San Giovanni di Dio e Ruggi D'Aragona',95044230654,P.A. Digitale spa,06628860964
A.o.u. - 'San Giovanni di Dio e Ruggi D'Aragona',95044230654,Regione Campania,80011990639
A.O.U. Policlinico 'G. Martino' di Messina,03051890832,NORDCOM,13384100155
A.O.U. Policlinico 'G. Martino' di Messina,03051890832,Argentea S.r.l.,02260390220
A.O.U. San Luigi Gonzaga,95501020010,Regione Piemonte,80087670016
A.P.S.P. Anaunia,01839930227,Provincia Autonoma di Trento,00337460224
A.P.S.P. Beato De Tschiderer Gia' Istituto Arcivescovile per Sordi,80002870220,Provincia Autonoma di Trento,00337460224
A.P.S.P. Casa di Riposo S.Vigilio - Fondazione Bonazza,86001550226,Provincia Autonoma di Trento,00337460224
A.P.S.P. Casa Laner,85004510229,Provincia Autonoma di Trento,00337460224
A.P.S.P. Centro Don Ziglio,00272610221,Provincia Autonoma di Trento,00337460224
A.P.S.P. Centro Residenziale 'Abelardo Collini' di Pinzolo,95003080223,Provincia Autonoma di Trento,00337460224
A.P.S.P. Cesare Benedetti,00323360222,Provincia Autonoma di Trento,00337460224
A.P.S.P. Giacomo Cis Azienda Pubblica di Servizi alla Persona,84000620223,Provincia Autonoma di Trento,00337460224
A.P.S.P. Levico Curae - Centro Unico Riabilitativo Assistenziale Educativo,02511950228,Provincia Autonoma di Trento,00337460224
A.P.S.P. Opera Romani,85000230228,Provincia Autonoma di Trento,00337460224
A.P.S.P. Padre Odone Nicolini,86001530228,Provincia Autonoma di Trento,00337460224
A.P.S.P. Piccolo Spedale,81002110229,Provincia Autonoma di Trento,00337460224
A.P.S.P. Residenza Molino,84002450223,Provincia Autonoma di Trento,00337460224
A.P.S.P. SUOR FILIPPINA Casa di Soggiorno,01584010225,Provincia Autonoma di Trento,00337460224
A.P.S.P.S. Spirito Fondazione Montel,00358720225,Provincia Autonoma di Trento,00337460224
A.R.N.A.S. CIVICO - DI CRISTINA E BENEFRATELLI,05841770828,"Unicredit, Societa' per Azioni",00348170101
A.Ris.Me,03531510836,Poste Italiane S.P.A.,97103880585
A.Ris.Me,03531510836,Archidata srl,09613270157
A.S.A. Azienda Servizi Ambientali S.P.A.,01177760491,Intesa Sanpaolo SPA,00799960158
A.S.A. TIVOLI S.P.A.,05802941004,UNIMATICA-RGI S.p.A.,02098391200
A.S.D. 2D LINGOTTO VOLLEY,07158500012,Regione Piemonte,80087670016
A.S.D. TMA Group Italia,95177560638,Intesa Sanpaolo SPA,00799960158
A.S.Far.M.,02020550121,Provincia Autonoma di Trento,00337460224
A.S.P.  N. 1 della Provincia di Chieti,02627430693,Noviservice srl,02789990922
A.S.P. Casa Degli Operai Vecchi Ed Inabili al Lavoro di Paluzza,84005090307,Regione Autonoma Friuli-Venezia Giulia,80014930327
A.S.P. Pergola,81002430411,Regione Marche,80008630420
A.S.P. S.R.L. Anguillara Servizi e Patrimonio,04252610284,Regione del Veneto,80007580279
"A.S.S.A.P. Oo. Pp. Riunite Eugenio Criscione Lupis, Carmelo Boscarino e Carmelo Moltisanti",80000830887,eRemind srl – PMPAY,11311050964
A.S.TER. SPA,03825030103,Comune di Genova,00856930102
A.S.V.O. Ambiente Servizi Venezia Orientale S.P.A.,83002690275,Regione del Veneto,80007580279
A.Se.F. S.r.l. del Comune di Genova,01248040998,Intesa Sanpaolo SPA,00799960158
A.SE.P. SRL,01723300206,"Unicredit, Societa' per Azioni",00348170101
A.SE.P. SRL,01723300206,Maggioli SPA,06188330150
A.Se.R - Azienda Servizi del Rhodense S.P.A.,04626760963,Progetti e Soluzioni SPA,06423240727
A.T.E.R. del Comprensorio di Civitavecchia,00483510582,Poste Italiane S.P.A.,97103880585
A.T.E.R. del Comprensorio di Civitavecchia,00483510582,Exetesis srl,01156370114
A.T.E.R. del Comprensorio di Civitavecchia,00483510582,Progetti e Soluzioni SPA,06423240727
A.T.E.R. UMBRIA,01457790556,"Unicredit, Societa' per Azioni",00348170101
A.T.S. - Amatori Tamburello Sport a.s.d.,07367270019,Regione Piemonte,80087670016
A2A Ciclo Idrico,03258180987,"Unicredit, Societa' per Azioni",00348170101
A2A Energia SpA,12883420155,"Unicredit, Societa' per Azioni",00348170101
Abaco Spa,02391510266,Novares Spa,12105121003
Abaco Spa,02391510266,Progetti e Soluzioni SPA,06423240727
Abbanoa S.P.A.,02934390929,Novares Spa,12105121003
ACAM ACQUE SPA,01198370114,Iren Mercato S.p.A.,01178580997
Accademia Albertina di Belle Arti di Torino,80092570011,Crédit Agricole Group Solutions Società Consortile per azioni,02771790348
Accademia Albertina di Belle Arti di Torino,80092570011,"Banca Popolare di Sondrio, Società Cooperativa per Azioni",00053810149
Accademia della Crusca,80000950487,Intesa Sanpaolo SPA,00799960158
"Accademia di Belle Arti ""Pietro Vannucci""",80054290541,Dedagroup Public Services S.R.L.,01727860221
Accademia di Belle Arti di Bologna,80080230370,Advanced Systems S.p.A.,03383350638
Accademia di Belle Arti di Brera,80094690155,"Banca Popolare di Sondrio, Società Cooperativa per Azioni",00053810149
Accademia di Belle Arti di Carrara,82002550455,Dedagroup Public Services S.R.L.,01727860221
Accademia di Belle Arti di Catania,80011550870,CINECA consorzio universitario,00317740371
Accademia di Belle Arti di Catanzaro,80005690799,Dedagroup Public Services S.R.L.,01727860221
Accademia di Belle Arti di Firenze,80019050485,BPER BANCA Spa,03830780361
Accademia di Belle Arti di Firenze,80019050485,CINECA consorzio universitario,00317740371
Accademia di Belle Arti di Foggia,80003160712,"Banca Popolare di Sondrio, Società Cooperativa per Azioni",00053810149
Accademia di Belle Arti di Frosinone,80006930608,eRemind srl – PMPAY,11311050964
Accademia di Belle Arti di Frosinone,80006930608,NETTuno S.r.l.,05600060965
Accademia di Belle Arti di Lecce,93021080754,CINECA consorzio universitario,00317740371
Accademia di Belle Arti di Lecce,93021080754,"Banca Popolare di Sondrio, Società Cooperativa per Azioni",00053810149
Accademia di Belle Arti di Macerata,80006160438,CINECA consorzio universitario,00317740371
Accademia di Belle Arti di Macerata,80006160438,"Banca Popolare di Sondrio, Società Cooperativa per Azioni",00053810149
Accademia di Belle Arti di Palermo,80028180828,"Unicredit, Societa' per Azioni",00348170101
Accademia di Belle Arti di Palermo,80028180828,NETTuno S.r.l.,05600060965
Accademia di Belle Arti di Roma,80228830586,Dedagroup Public Services S.R.L.,01727860221
Accademia di Belle Arti di Roma,80228830586,"Banca Popolare di Sondrio, Società Cooperativa per Azioni",00053810149
Accademia di Belle Arti di Urbino,82004850416,Crédit Agricole Group Solutions Società Consortile per azioni,02771790348
Accademia di Belle Arti di Urbino,82004850416,Numera Sistemi e Informatica SpA,01265230902
Accademia di Belle Arti di Venezia,80013420270,CINECA consorzio universitario,00317740371
Accademia di Belle Arti di Venezia,80013420270,"Banca Popolare di Sondrio, Società Cooperativa per Azioni",00053810149
Accademia di belle arti di Verona,04093500231,NETTuno S.r.l.,05600060965
Accademia di Belle Arti L'Aquila,80006960662,"Banca Popolare di Sondrio, Società Cooperativa per Azioni",00053810149
Accademia di Belle Arti Mario Sironi,92021370900,Dedagroup Public Services S.R.L.,01727860221
Accademia di Belle Arti Reggio Calabria,80007690805,Regione Calabria,02205340793
Accademia di Belle Arti Reggio Calabria,80007690805,Dedagroup Public Services S.R.L.,01727860221
Accademia di Belle Arti Reggio Calabria,80007690805,Dipartimento della funzione pubblica della Presidenza del consiglio dei ministri,80243510585
"Accademia di Belle Arti Statale ""Ligustica""",80041430101,"Banca Popolare di Sondrio, Società Cooperativa per Azioni",00053810149
ACCADEMIA DI BELLE ARTI STATALE DI RAVENNA,92099140391,Dedagroup Public Services S.R.L.,01727860221
Accademia Nazionale D'Arte Drammatica,80218690586,CINECA consorzio universitario,00317740371
Accademia Nazionale D'Arte Drammatica,80218690586,Dedagroup Public Services S.R.L.,01727860221
Accademia Nazionale dei Lincei,80146810587,"Banca Popolare di Sondrio, Società Cooperativa per Azioni",00053810149
Accademia Nazionale di Danza,80210990588,Dedagroup Public Services S.R.L.,01727860221
Accademia Nazionale di Danza,80210990588,"Banca Popolare di Sondrio, Società Cooperativa per Azioni",00053810149
Acea Energia spa,07305361003,Publiacqua SpA,05040110487
Acinque Energia Srl,03773040138,Engineering Ingegneria Informatica SpA,00967720285
Acqua Novara Vco,02078000037,Engineering Ingegneria Informatica SpA,00967720285
Acqua Novara Vco,02078000037,"Unicredit, Societa' per Azioni",00348170101
ACQUA PUBBLICA SABINA S.P.A.,01138990575,Engineering Ingegneria Informatica SpA,00967720285
Acqualatina SpA,02111020596,Poste Italiane S.P.A.,97103880585
ACQUAMBIENTE MARCHE SRL,02119730428,Novares Spa,12105121003
Acque Aurora s.r.l.,03006290872,Maggioli SPA,06188330150
Acque Bresciane Srl,03832490985,Engineering Ingegneria Informatica SpA,00967720285
ACQUE CARCACI DEL FASANO SPA,00133090878,Engineering Ingegneria Informatica SpA,00967720285
Acque del Chiampo Spa Servizio Idrico Integrato,81000070243,Progetti e Soluzioni SPA,06423240727
ACQUE DEL VOLTANO SOCIETÀ COOPERATIVA,02889390841,Intesa Sanpaolo SPA,00799960158
Acque di Casalotto S.p.A.,00131630873,Engineering Ingegneria Informatica SpA,00967720285
ACQUE MANGANO S.R.L.,02444300871,Banco BPM Società per Azioni,09722490969
ACQUE MANGANO S.R.L.,02444300871,Maggioli SPA,06188330150
Acque spa,05175700482,Publiacqua SpA,05040110487
Acque Veronesi,03567090232,Poste Italiane S.P.A.,97103880585
Acque Veronesi,03567090232,Engineering Ingegneria Informatica SpA,00967720285
Acquedotti Ing. Sarino Pavone S.p.A.,00168550879,Poste Italiane S.P.A.,97103880585
Acquedotto Consortile Biviere,02641830829,Maggioli SPA,06188330150
Acquedotto del Carso Spa - Kraski Vodovod Dd,00062810320,Novares Spa,12105121003
Acquedotto del Fiora S.p.A.,00304790538,Publiacqua SpA,05040110487
Acquedotto della Piana S.P.A.,00099020059,Maggioli SPA,06188330150
Acquedotto Lucano Spa,01522200763,KOINE' SRL,01934790971
Acquedotto Lucano Spa,01522200763,Regione Basilicata,80002950766
Acquedotto Pugliese S.P.A.,00347000721,Poste Italiane S.P.A.,97103880585
ACQUEDOTTO SAN LAZZARO SPA,00136200094,E-Fil S.r.l.,03789750100
ACQUEDOTTO VALTIGLIONE S.P.A.,00073940058,Novares Spa,12105121003
Acquevenete SpA,00064780281,Poste Italiane S.P.A.,97103880585
ACSM Teleriscaldamento SpA,01617890221,E-Fil S.r.l.,03789750100
ACSM Trading Srl Unipersonale,01900420223,E-Fil S.r.l.,03789750100
acta spa,96006460768,BRAV SRL,02818030369
Actv Spa,80013370277,Intesa Sanpaolo SPA,00799960158
ADE SPA Società del Comune di Parma,02319580342,Poste Italiane S.P.A.,97103880585
ADOI Associazione Dermatologi - venereologi Ospedalieri Italiani e della sanità pubblica,80101420109,E-Fil S.r.l.,03789750100
Adopera Patrimonio e Investimenti Casalecchio di Reno Srl,02780831208,E-Fil S.r.l.,03789750100
ADRIATICA RISORSE S.P.A.,02259820682,Maggioli SPA,06188330150
AER SpA,01388690487,Intesa Sanpaolo SPA,00799960158
Aero Club d'Italia,80109730582,APKAPPA S.R.L.,08543640158
Aet2000 Spa,02047620303,Progetti e Soluzioni SPA,06423240727
Afc Torino S.P.A.,07019070015,Regione Piemonte,80087670016
AG.EN.A. S.r.l.,01522110673,Intesa Sanpaolo SPA,00799960158
AG.EN.A. S.r.l.,01522110673,ICCREA Banca SpA,04774801007
Agac Infrastrutture S.p.A.,02153150350,Next Step Solution,02554480349
AGEC Verona,80028240234,"Unicredit, Societa' per Azioni",00348170101
Agenzia Campana per L'Edilizia Residenziale,08496131213,Dipartimento della funzione pubblica della Presidenza del consiglio dei ministri,80243510585
Agenzia Campana per L'Edilizia Residenziale,08496131213,eRemind srl – PMPAY,11311050964
Agenzia del Trasporto Pubblico del Bacino di Sondrio,00991540147,APKAPPA S.R.L.,08543640158
Agenzia della mobilita' Piemontese,97639830013,Regione Piemonte,80087670016
Agenzia delle Dogane e dei Monopoli,97210890584,Sogei S.p.A,02327910580
Agenzia delle Entrate,06363391001,Sogei S.p.A,02327910580
Agenzia Demanio provinciale,00653830216,Alto Adige Riscossioni Spa,02805390214
Agenzia di Tutela della Salute dell'Insubria,03510140126,Regione Lombardia,80050050154
Agenzia di Tutela della Salute della Brianza,09314190969,Regione Lombardia,80050050154
Agenzia di Tutela della Salute della Citta' Metropolitana di Milano,09320520969,Regione Lombardia,80050050154
Agenzia di Tutela della Salute della Montagna,00988200143,Regione Lombardia,80050050154
Agenzia di Tutela della Salute della Val Padana,02481970206,Regione Lombardia,80050050154
Agenzia di Tutela della Salute di Bergamo,04114400163,Regione Lombardia,80050050154
Agenzia di Tutela della Salute di Brescia,03775430980,Regione Lombardia,80050050154
Agenzia di Tutela della Salute di Pavia,02613260187,Regione Lombardia,80050050154
Agenzia Entrate-Riscossione ex Riscossione Sicilia,00833920150,Next Step Solution,02554480349
Agenzia Forestale Regionale,94143220542,P.A. Digitale spa,06628860964
Agenzia Forestale Regionale per Lo Sviluppo del Territorio e dell'Ambiente della Sardegna,03669190922,Regione Autonoma della Sardegna,80002870923
Agenzia Industrie Difesa,97254170588,Intesa Sanpaolo SPA,00799960158
Agenzia Interregionale per Il Fiume Po,92116650349,Regione Piemonte,80087670016
Agenzia Italiana per la Gioventù,97474140585,Banca Nazionale del Lavoro S.p.A.,09339391006
Agenzia Lavoro e Sviluppoimpresa,90160400322,Regione Autonoma Friuli-Venezia Giulia,80014930327
Agenzia Lucana di Sviluppo e di Innovazione in Agricoltura,00627370778,Regione Basilicata,80002950766
AGENZIA MOBILITA' SRL,02558190357,Next Step Solution,02554480349
Agenzia Nazionale di Valutazione del Sistema Universitario e della Ricerca,97653310587,"Banca Popolare di Sondrio, Società Cooperativa per Azioni",00053810149
Agenzia Nazionale per i Servizi Sanitari Regionali - AGENAS,97113690586,Dipartimento della funzione pubblica della Presidenza del consiglio dei ministri,80243510585
Agenzia Nazionale per i Servizi Sanitari Regionali - AGENAS,97113690586,Intesa Sanpaolo SPA,00799960158
Agenzia Nazionale per La Sicurezza Delle Ferrovie,94165250484,Next Step Solution,02554480349
Agenzia Nazionale per La Sicurezza Delle Ferrovie e Delle Infrastrutture Stradali e Autostradali,96443320583,Next Step Solution,02554480349
Agenzia per i contratti pubblici - ACP,94116410211,Alto Adige Riscossioni Spa,02805390214
Agenzia per il Diritto allo Studio Universitario dell'Umbria,00453460545,Regione Umbria,80000130544
Agenzia per Il Diritto allo Studio Universitario di Puglia,06888240725,"Unicredit, Societa' per Azioni",00348170101
Agenzia per Il Diritto allo Studio Universitario di Puglia,06888240725,Dedagroup Public Services S.R.L.,01727860221
Agenzia per Il Diritto allo Studio Universitario di Puglia,06888240725,Regione Puglia,80017210727
Agenzia per Il Trasporto Pubblico Locale del Bacino di Bergamo,04083130163,P.A. Digitale spa,06628860964
"AGENZIA PER IL TRASPORTO PUBBLICO LOCALE DEL BACINO DI COMO, LECCO E VARESE",03638610133,Regione Lombardia,80050050154
Agenzia per Il Trasporto Pubblico Locale del Bacino di Cremona e Mantova,02475090201,Regione Lombardia,80050050154
Agenzia per L'Energia Alto Adige - Casaclima,02818150217,Alto Adige Riscossioni Spa,02805390214
Agenzia per L'Italia Digitale,97735020584,"Banca Popolare di Sondrio, Società Cooperativa per Azioni",00053810149
Agenzia per l’Energia e l’Ambiente SRL,02227380546,Regione Umbria,80000130544
Agenzia per la protezione civile,80013370210,Alto Adige Riscossioni Spa,02805390214
Agenzia per le Erogazioni in Agricoltura - AGEA,97181460581,Dipartimento della funzione pubblica della Presidenza del consiglio dei ministri,80243510585
Agenzia per le Erogazioni in Agricoltura - AGEA,97181460581,Nexi SpA,13212880150
Agenzia per Lo Sviluppo Sociale Ed Economico della Provincia Autonoma di Bolzano,94108390215,Alto Adige Riscossioni Spa,02805390214
Agenzia Piemonte Lavoro,97595380011,"Unicredit, Societa' per Azioni",00348170101
Agenzia Provinciale per L'Energia e L'Ambiente,93042510771,Regione Basilicata,80002950766
Agenzia Provinciale per L'Istruzione e La Formazione Professionale L'Orientamento e L'Impiego,93038300773,Regione Basilicata,80002950766
Agenzia Regionale Attivita Irrigue e Forestali,07026760723,Dedagroup Public Services S.R.L.,01727860221
Agenzia Regionale Attivita Irrigue e Forestali,07026760723,Regione Puglia,80017210727
Agenzia Regionale Conservatoria Delle Coste della Sardegna,03176390924,Regione Autonoma della Sardegna,80002870923
Agenzia Regionale di Sanita della Toscana,04992010480,Regione Toscana,01386030488
Agenzia Regionale Emergenza Urgenza,11513540960,Regione Lombardia,80050050154
Agenzia Regionale per il Diritto allo Studio,01241240322,Regione Autonoma Friuli-Venezia Giulia,80014930327
"Agenzia regionale per il lavoro, la formazione e l'accreditamento",02437860998,Regione Liguria,00849050109
Agenzia Regionale per la Casa e l'Abitare - Arca - Puglia Centrale,00267390722,Poste Italiane S.P.A.,97103880585
Agenzia Regionale per la Casa e l'Abitare - Arca - Puglia Centrale,00267390722,Regione Puglia,80017210727
Agenzia Regionale per la Casa e l'Abitare - ARCA Sud Salento,00152490751,P.A. Digitale spa,06628860964
Agenzia Regionale per la Casa e L'Abitare per la provincia di Taranto,00091580738,Poste Italiane S.P.A.,97103880585
Agenzia Regionale per la Casa e L'Abitare per la provincia di Taranto,00091580738,KOINE' SRL,01934790971
Agenzia Regionale per la Casa e L'Abitare per la provincia di Taranto,00091580738,P.R.T. S.p.A.,00487700015
Agenzia Regionale per La Lingua Friulana,94094780304,Regione Autonoma Friuli-Venezia Giulia,80014930327
Agenzia Regionale per la Prevenzione e Protezione Ambientale del Veneto,92111430283,Regione del Veneto,80007580279
"Agenzia Regionale per la Prevenzione, l'Ambiente e l'Energia dell'Emilia Romagna",04290860370,Lepida Spa,02770891204
Agenzia Regionale per La Promozione del Turismo della Campania,95255690638,Publisys SPA,00975860768
Agenzia Regionale per La Promozione del Turismo della Campania,95255690638,Dipartimento della funzione pubblica della Presidenza del consiglio dei ministri,80243510585
Agenzia Regionale per la Promozione Turistica in Liguria,95054110101,Regione Liguria,00849050109
Agenzia Regionale per la protezione ambientale della Toscana,04686190481,Regione Toscana,01386030488
Agenzia Regionale per la Protezione dell'Ambiente del Lazio,97172140580,Regione Lazio,80143490581
Agenzia Regionale per la Protezione dell'Ambiente del Molise,01479560706,P.A. Digitale spa,06628860964
Agenzia Regionale per la Protezione dell'Ambiente del Piemonte,07176380017,Regione Piemonte,80087670016
Agenzia Regionale per la Protezione dell'Ambiente del Piemonte,07176380017,Dedagroup Public Services S.R.L.,01727860221
Agenzia Regionale per la Protezione dell'Ambiente dell'Umbria,94086960542,Regione Umbria,80000130544
Agenzia Regionale per la Protezione dell'Ambiente della Basilicata,01318260765,Regione Basilicata,80002950766
Agenzia Regionale per la Protezione dell'Ambiente della Calabria,02352560797,Dipartimento della funzione pubblica della Presidenza del consiglio dei ministri,80243510585
Agenzia Regionale per la Protezione dell'Ambiente della Calabria,02352560797,P.A. Digitale spa,06628860964
Agenzia Regionale per la Protezione dell'Ambiente della Campania,07407530638,Maggioli SPA,06188330150
Agenzia Regionale per la Protezione dell'Ambiente della Lombardia,13015060158,Regione Lombardia,80050050154
Agenzia Regionale per la Protezione dell'Ambiente della Lombardia,13015060158,P.A. Digitale spa,06628860964
Agenzia Regionale per la Protezione dell'Ambiente della Puglia,05830420724,Dipartimento della funzione pubblica della Presidenza del consiglio dei ministri,80243510585
Agenzia Regionale per la Protezione dell'Ambiente della Puglia,05830420724,Regione Puglia,80017210727
Agenzia Regionale per la Protezione dell'Ambiente della Sardegna,92137340920,Regione Autonoma della Sardegna,80002870923
Agenzia Regionale per la Protezione dell'Ambiente della Sicilia,97169170822,Intesa Sanpaolo SPA,00799960158
Agenzia Regionale per la Protezione dell'Ambiente della Valle D'Aosta,00634260079,Regione Autonoma Valle D'Aosta,80002270074
Agenzia Regionale per la Protezione dell'Ambiente della Valle D'Aosta,00634260079,"Banca Popolare di Sondrio, Società Cooperativa per Azioni",00053810149
Agenzia Regionale per la Protezione dell'Ambiente delle Marche,01588450427,Regione Marche,80008630420
Agenzia Regionale per la Protezione dell'Ambiente delle Marche,01588450427,Argentea S.r.l.,02260390220
Agenzia Regionale per la Protezione dell'Ambiente Ligure,01305930107,Regione Liguria,00849050109
Agenzia Regionale per La Ricerca in Agricoltura - Agris,02270290907,Regione Autonoma della Sardegna,80002870923
Agenzia Regionale per La Tutela dell' Ambiente dell' Abruzzo,91059790682,Agenzia regionale dell'Abruzzo per la Committenza,91022630676
Agenzia Regionale per Le Erogazioni in Agricoltura,91215060376,Lepida Spa,02770891204
Agenzia Regionale per Le Politiche Attive del Lavoro - Arpal Puglia,93497660725,Regione Puglia,80017210727
Agenzia Regionale per lo Sviluppo Agricolo Rurale e della Pesca - Arsarp,01541820708,P.A. Digitale spa,06628860964
Agenzia Regionale per Lo Sviluppo Rurale - Ersa,00485650311,Regione Autonoma Friuli-Venezia Giulia,80014930327
Agenzia Regionale Piemontese per le Erogazioni in Agricoltura,97694170016,Regione Piemonte,80087670016
Agenzia Regionale Sanitaria Marche,01486510421,Regione Marche,80008630420
Agenzia Regionale Strategica per La Salute Ed Il Sociale,93496810727,Regione Puglia,80017210727
Agenzia Regionale Toscana per Le Erogazioni in Agricoltura,05096020481,Regione Toscana,01386030488
AGENZIA REGIONALE UNIVERSIADI PER LO SPORT,95230880635,Regione Campania,80011990639
Agenzia Sanitaria Regionale Abruzzo,01780030688,Agenzia regionale dell'Abruzzo per la Committenza,91022630676
Agenzia Sarda Delle Entrate,92247480921,Regione Autonoma della Sardegna,80002870923
Agenzia sarda per le politiche attive del lavoro,92028890926,Regione Autonoma della Sardegna,80002870923
AGENZIA SPAZIALE ITALIANA,97061010589,UNIMATICA-RGI S.p.A.,02098391200
Agenzia Territoriale per la Casa del Piemonte Centrale,00499000016,UNIMATICA-RGI S.p.A.,02098391200
Agenzia Territoriale per la Casa del Piemonte Centrale,00499000016,Intesa Sanpaolo SPA,00799960158
Agenzia Territoriale per La Casa del Piemonte Nord,00120490032,Poste Italiane S.P.A.,97103880585
Agenzia Territoriale per La Casa del Piemonte Nord,00120490032,ASSIST SPA,10596000017
Agenzia Territoriale per la casa del Piemonte Sud,00161450069,Intesa Sanpaolo SPA,00799960158
Agenzia veneta per i pagamenti - AVEPA,90098670277,Regione del Veneto,80007580279
Agenzia Veneta per L'Innovazione nel Settore Primario - Avisp,92281270287,Maggioli SPA,06188330150
Agenzia Veneta per L'Innovazione nel Settore Primario - Avisp,92281270287,Regione del Veneto,80007580279
Agro Solidale Azienda Territoriale per I Servizi alla Persona,05548710655,APKAPPA S.R.L.,08543640158
AGSM AIM S.P.A,00215120239,Nexi SpA,13212880150
AGSM ENERGIA S.P.A.,02968430237,Nexi SpA,13212880150
AGSM LIGHITING S.R.L.,04147220232,Nexi SpA,13212880150
Aics - Associazione Italiana Cultura e Sport - Comitato Provinciale di Torino APS,97505050019,Regione Piemonte,80087670016
Aiga S.p.A.,01157540087,Novares Spa,12105121003
Aimag Spa,00664670361,E-Fil S.r.l.,03789750100
AIR CAMPANIA S.r.l.,02977850649,Regione Campania,80011990639
AISA Impianti S.p.A,02134160510,Progetti e Soluzioni SPA,06423240727
Albalonga srl,07156011004,E-Fil S.r.l.,03789750100
Albisola Servizi s.r.l.,01553090091,Dedagroup Public Services S.R.L.,01727860221
ALEA Ambiente SpA,04338490404,Advanced Systems S.p.A.,03383350638
ALEA Ambiente SpA,04338490404,Banca Nazionale del Lavoro S.p.A.,09339391006
Alfa S.R.L.,03481930125,Banco BPM Società per Azioni,09722490969
Alfa S.R.L.,03481930125,"Banca Popolare di Sondrio, Società Cooperativa per Azioni",00053810149
ALFANO ENERGIA S.P.A.,06278561219,KOINE' SRL,01934790971
ALFANO LUCE S.R.L.,06487551217,KOINE' SRL,01934790971
Alia Servizi Ambientali S.P.A.,04855090488,KOINE' SRL,01934790971
Alia Servizi Ambientali S.P.A.,04855090488,Novares Spa,12105121003
Aliseo,02575860990,Regione Liguria,00849050109
ALLEANZA LUCE GAS SPA,03386091205,Engineering Ingegneria Informatica SpA,00967720285
Alma Mater Studiorum - Universita' di Bologna,80007010376,Lepida Spa,02770891204
Alperia Ecoplus Srl,02413180213,eRemind srl – PMPAY,11311050964
ALPERIA FIBER SRL,02508930217,eRemind srl – PMPAY,11311050964
Alperia Greenpower Srl,02621390216,eRemind srl – PMPAY,11311050964
Alperia Smart Services SRL,01745520211,eRemind srl – PMPAY,11311050964
Alperia Sum S.p.A,03649070269,eRemind srl – PMPAY,11311050964
ALPERIA TRADING SRL,03008510210,eRemind srl – PMPAY,11311050964
ALPI ACQUE SPA,02660800042,Engineering Ingegneria Informatica SpA,00967720285
ALTA LANGA SERVIZI SPA (ALSE),02537750040,Engineering Ingegneria Informatica SpA,00967720285
Altavita -istituzioni Riunite di Assistenza- I.R.A.,00558060281,Intesa Sanpaolo SPA,00799960158
Alto Adige Finance,02797620214,Alto Adige Riscossioni Spa,02805390214
Alto Calore Servizi Spa,00080810641,"Unicredit, Societa' per Azioni",00348170101
Alto Casentino,94004090513,ARGO SOFTWARE SRL,00838520880
Alto Casentino,94004090513,Ministero dell'istruzione e del merito,80185250588
ALTO TREVIGIANO SERVIZI S.P.A.,04163490263,Poste Italiane S.P.A.,97103880585
Alto Vicentino Ambiente srl,92000020245,Maggioli SPA,06188330150
Altogarda Parcheggi e Mobilita' Srl,01739090221,Provincia Autonoma di Trento,00337460224
AM Service srl,03490310715,Dedagroup Public Services S.R.L.,01727860221
AM.TER S.p.A,03684910106,Iren Mercato S.p.A.,01178580997
AM+ S.p.A.,02668270065,Intesa Sanpaolo SPA,00799960158
Ama S.P.A.,05445891004,Poste Italiane S.P.A.,97103880585
Ama S.R.L.,01935420768,Noviservice srl,02789990922
AMA SPA,93033840872,Maggioli SPA,06188330150
AMAGA S.p.A.,11487760156,Softline srl,12299030150
"AMAP - Agenzia per l'innovazione nel settore agroalimentare e della pesca ""Marche Agricoltura Pesca""",01491360424,Regione Marche,80008630420
Amap S.P.A.,04797200823,Poste Italiane S.P.A.,97103880585
Amap S.P.A.,04797200823,Engineering Ingegneria Informatica SpA,00967720285
AMAT SPA,01295850083,Dedagroup Public Services S.R.L.,01727860221
AMAT SPA,01295850083,P.R.T. S.p.A.,00487700015
Ambiente Servizi Spa,01434200935,Dedagroup Public Services S.R.L.,01727860221
"AMBITO TERRITORIALE DI CACCIA VOMANO ""PIOMBA-FINO""",90006260674,Agenzia regionale dell'Abruzzo per la Committenza,91022630676
AMET SPA,04938250729,Advanced Systems S.p.A.,03383350638
AMG Gas S.r.l.,05044850823,Intesa Sanpaolo SPA,00799960158
Amga Legnano S.P.A.,10811500155,Poste Italiane S.P.A.,97103880585
Amga Legnano S.P.A.,10811500155,Next Step Solution,02554480349
Amga Legnano S.P.A.,10811500155,Softline srl,12299030150
Amiu Bonifiche S.p.A.,01266290996,Intesa Sanpaolo SPA,00799960158
Amiu Genova Spa,03818890109,Intesa Sanpaolo SPA,00799960158
Amnu Spa,01591960222,Provincia Autonoma di Trento,00337460224
Anas Spa,80208450587,eRemind srl – PMPAY,11311050964
Anconambiente S.P.A.,01422820421,Poste Italiane S.P.A.,97103880585
ANMCO Associazione Nazionale Medici Cardiologi Ospedalieri,01301130488,Intesa Sanpaolo SPA,00799960158
Aou Sassari - Azienda Ospedaliera Universitaria di Sassari,02268260904,Regione Autonoma della Sardegna,80002870923
Aps Holding Spa,03860240286,Regione del Veneto,80007580279
APSP 'San Giuseppe' di Primiero,00374850220,Provincia Autonoma di Trento,00337460224
"Apsp ""Redenta Floriani""",81000810226,Provincia Autonoma di Trento,00337460224
Apsp Casa di Riposo Fie allo Sciliar,80011960210,Alto Adige Riscossioni Spa,02805390214
Apsp Casa Lucia,91044090933,Regione Autonoma Friuli-Venezia Giulia,80014930327
Apsp Don Giuseppe Cumer,00516590221,Provincia Autonoma di Trento,00337460224
Apsp Fondazione Casa di Riposo S. Valburga,82011080213,Alto Adige Riscossioni Spa,02805390214
Apsp Josefsheim Villandro,01085520219,Alto Adige Riscossioni Spa,02805390214
Apsp S.Lorenzo e S.Maria della Misericordia,81000970228,Provincia Autonoma di Trento,00337460224
Apsp Santo Spirito,00961230216,Alto Adige Riscossioni Spa,02805390214
Apsp Ubaldo Campagnola,01124240225,Provincia Autonoma di Trento,00337460224
Apsp Villa San Lorenzo,86003930228,Provincia Autonoma di Trento,00337460224
APV Investimenti SpA,03292680273,Regione del Veneto,80007580279
ARCA - Nord Salento,00061820742,Poste Italiane S.P.A.,97103880585
ARCA - Nord Salento,00061820742,E-Fil S.r.l.,03789750100
ARCA - Nord Salento,00061820742,Regione Puglia,80017210727
Arca Capitanata,00131190712,P.A. Digitale spa,06628860964
ARCICONFRATERNITA DELLA MISERICORDIA DI PRATO,00441650488,Intesa Sanpaolo SPA,00799960158
Arciconfraternita di Misericordia di Pistoia ODV,00106890478,Intesa Sanpaolo SPA,00799960158
Arciconfraternita Immacolata Concezione e S. Angelo Custode,80061600633,E-Fil S.r.l.,03789750100
Arciconfraternita S.Anna e S. Carlo,80013830635,E-Fil S.r.l.,03789750100
AREA BLU S.P.A.,00828601203,Poste Italiane S.P.A.,97103880585
AREA BLU S.P.A.,00828601203,Lepida Spa,02770891204
AREA BLU S.P.A.,00828601203,BRAV SRL,02818030369
Area Science Park,00531590321,Dedagroup Public Services S.R.L.,01727860221
Arezzo Casa Spa,01781060510,KOINE' SRL,01934790971
Arezzo Multiservizi Srl,01938950514,Poste Italiane S.P.A.,97103880585
Arezzo Multiservizi Srl,01938950514,Next Step Solution,02554480349
Argea,90037020956,Regione Autonoma della Sardegna,80002870923
ARLAB Agenzia Regionale Lavoro e Apprendimento Basilicata,96085450763,Regione Basilicata,80002950766
ARNAS G. Brotzu,02315520920,Regione Autonoma della Sardegna,80002870923
AS Retigas S.r.l.,03167510365,E-Fil S.r.l.,03789750100
ASA S.r.l.,02151080427,Noviservice srl,02789990922
Ascanio Sobrero,91032760067,Ministero dell'istruzione e del merito,80185250588
Ascit Servizi Ambientali Spa,01052230461,Advanced Systems S.p.A.,03383350638
Asd Centrocampo,97503710010,Regione Piemonte,80087670016
ASD GAR REBAUDENGO,97526740010,Regione Piemonte,80087670016
ASD PROGETTO SPORT DI BORGATA,97590860017,Regione Piemonte,80087670016
ASD SPORTENTO US ACLI,97657290017,Regione Piemonte,80087670016
ASDCPS ATLETICO TAURINENSE,97784490019,Regione Piemonte,80087670016
Asea Azienda Speciale,01378640625,Poste Italiane S.P.A.,97103880585
ASEC TRADE SRL,03973800877,Engineering Ingegneria Informatica SpA,00967720285
Aset SpA,01474680418,BRAV SRL,02818030369
Aset SpA,01474680418,Progetti e Soluzioni SPA,06423240727
Aset SpA,01474680418,ANDREANI TRIBUTI srl,01412920439
ASF SAN GIULIANO MILANESE  - AZIENDA SPECIALE SERVIZI FARMACEUTICI E SOCIO-SANITARI,11780060155,eRemind srl – PMPAY,11311050964
Asilo Infantile Clementi di Velo,80006810248,Regione del Veneto,80007580279
Asilo Infantile Scuola Materna,00207250259,Regione del Veneto,80007580279
Asis Salernitana Rete Ed Impianti S.P.A,00268520657,KOINE' SRL,01934790971
Asis Salernitana Rete Ed Impianti S.P.A,00268520657,Publiservizi srl,03218060659
Asl Foggia,03499370710,Regione Puglia,80017210727
ASL ROMA 4,04743741003,Regione Lazio,80143490581
ASM Bressanone SpA,01717730210,Alto Adige Riscossioni Spa,02805390214
Asm Costruire Insieme,02376190068,APKAPPA S.R.L.,08543640158
Asm Impianti e Servizi Ambientali SPA,02071890186,Next Step Solution,02554480349
ASM Multiservizi SPA,03091371215,E-Fil S.r.l.,03789750100
Asm Rovigo Spa,01037490297,Regione del Veneto,80007580279
ASM VENDITA E SERVIZI S.R.L.,01991100189,Intesa Sanpaolo SPA,00799960158
Asm Voghera Spa,01429910183,Intesa Sanpaolo SPA,00799960158
ASMT TORTONA S.P.A,02021850066,Intesa Sanpaolo SPA,00799960158
ASMTERNI SPA,00693630550,ASSIST SPA,10596000017
ASMTERNI SPA,00693630550,Next Step Solution,02554480349
ASMTERNI SPA,00693630550,MUNICIPIA S.P.A.,01973900838
ASMTERNI SPA,00693630550,I.C.A. Imposte Comunali Affini Srl,02478610583
Asp 'Casa di Riposo Giuseppe Sirch',80011810308,Provincia Autonoma di Trento,00337460224
Asp 'Casa di Riposo Giuseppe Sirch',80011810308,Regione Autonoma Friuli-Venezia Giulia,80014930327
Asp 'Pio e Ninetta Gavazzi',83007380153,"Banca Popolare di Sondrio, Società Cooperativa per Azioni",00053810149
Asp Ambito 9,92024900422,Provincia Autonoma di Trento,00337460224
Asp Azalea Azienda di Servizi alla Persona del Distretto di Ponente,91094630331,Provincia Autonoma di Trento,00337460224
Asp Azalea Azienda di Servizi alla Persona del Distretto di Ponente,91094630331,Dipartimento della funzione pubblica della Presidenza del consiglio dei ministri,80243510585
Asp Carlo Sartori,80011590355,Banco BPM Società per Azioni,09722490969
Asp Carlo Sartori,80011590355,Lepida Spa,02770891204
Asp Centro Servizi alla Persona,80006330387,Provincia Autonoma di Trento,00337460224
Asp Circondario Imolese,02799561200,Lepida Spa,02770891204
Asp Circondario Imolese,02799561200,Next Step Solution,02554480349
ASP Citta' di Bologna,03337111201,Lepida Spa,02770891204
ASP Citta' di Bologna,03337111201,Argentea S.r.l.,02260390220
Asp Citta' di Siena,01170590523,Etruria p.a. S.r.l.,05883740481
Asp Collegio Morigi - De Cesaris,01531860334,Crédit Agricole Group Solutions Società Consortile per azioni,02771790348
Asp Dei Comuni della Bassa Romagna,02295380394,Provincia Autonoma di Trento,00337460224
Asp Dei Comuni della Bassa Romagna,02295380394,Dipartimento della funzione pubblica della Presidenza del consiglio dei ministri,80243510585
Asp Dei Comuni della Bassa Romagna,02295380394,Lepida Spa,02770891204
Asp del Delta Ferrarese,82005060387,Provincia Autonoma di Trento,00337460224
Asp del Delta Ferrarese,82005060387,Dipartimento della funzione pubblica della Presidenza del consiglio dei ministri,80243510585
ASP della Carnia S. L. Scrosoppi,00170100309,Regione Autonoma Friuli-Venezia Giulia,80014930327
Asp della Romagna Faentina,02517840399,Provincia Autonoma di Trento,00337460224
ASP delle Terre d'Argine,03169870361,Provincia Autonoma di Trento,00337460224
Asp Eppi Manica Salvatori,01760920387,Dedagroup Public Services S.R.L.,01727860221
Asp Istituti Milanesi Martinitt e Stelline e Pio Albergo Trivulzio di Milano,04137830966,Regione Lombardia,80050050154
Asp Istituti Milanesi Martinitt e Stelline e Pio Albergo Trivulzio di Milano,04137830966,"Banca Popolare di Sondrio, Società Cooperativa per Azioni",00053810149
Asp Istituti Milanesi Martinitt e Stelline e Pio Albergo Trivulzio di Milano,04137830966,APKAPPA S.R.L.,08543640158
ASP LAURA RODRIGUEZ Y LASO DE' BUOI,80007270376,Intesa Sanpaolo SPA,00799960158
Asp Opus Civium,80010310359,Provincia Autonoma di Trento,00337460224
Asp Opus Civium,80010310359,Lepida Spa,02770891204
Asp Pubblica Assistenza della Spezia,80001050113,E-Fil S.r.l.,03789750100
Asp Reggio Emilia Citta' delle Persone,01925120352,Banco BPM Società per Azioni,09722490969
Asp Reggio Emilia Citta' delle Persone,01925120352,BANCA MONTE DEI PASCHI DI SIENA,00884060526
ASP Solidarieta' - Mons. D. Cadore,01324900933,Regione Autonoma Friuli-Venezia Giulia,80014930327
Asp Valloni Marecchia,04265920407,Intesa Sanpaolo SPA,00799960158
Asp Valloni Marecchia,04265920407,Advanced Systems S.p.A.,03383350638
Aspes SpA,01423690419,Next Step Solution,02554480349
Aspes SpA,01423690419,Advanced Systems S.p.A.,03383350638
Asr Molise Acque,00249230707,P.A. Digitale spa,06628860964
Assemblea Legislativa - Regione Umbria,94065130547,Progetti e Soluzioni SPA,06423240727
Assemblea Legislativa delle Marche,80006310421,Regione Marche,80008630420
Assemblea Regionale Siciliana,97001200829,Intesa Sanpaolo SPA,00799960158
Assm Spa Azienda Specializzata Settore Multiservizi,01210690432,Poste Italiane S.P.A.,97103880585
Associazione Asilo Nido Saint-christophe - Quart - Brissogne,91025560078,Regione Autonoma Valle D'Aosta,80002270074
Associazione Cassa Nazionale di Previdenza ed Assistenza a favore dei Ragionieri e Periti Commerciali,80059790586,"Banca Popolare di Sondrio, Società Cooperativa per Azioni",00053810149
Associazione Dei Comuni del Comprensorio Trigno Sinello,92017760692,Agenzia regionale dell'Abruzzo per la Committenza,91022630676
Associazione Nazionale Allevatori Specie Bufalina,80109780611,Intesa Sanpaolo SPA,00799960158
Associazione Riccobio,97939990582,Italriscossioni Società Italiana di Fiscalità Locale S.r.l.,06092371001
ASSOCIAZIONE SPORTIVA STUDENTESCA,97693370013,Regione Piemonte,80087670016
ASSOCIAZIONE TANDEM TORINO ASD,97854750011,Regione Piemonte,80087670016
Associazione Tra Enti Locali per L'Attuazione del Patto Territoriale Sangro Aventino,01846480695,Agenzia regionale dell'Abruzzo per la Committenza,91022630676
ASSP s.p.a.,02585280965,P.A. Digitale spa,06628860964
Asst Centro Specialistico Ortopedico Traumatologico Gaetano Pini Cto,09320530968,Regione Lombardia,80050050154
Asst Fatebenefratelli Sacco,09319690963,Regione Lombardia,80050050154
Asst Ovest Milanese,09319650967,Regione Lombardia,80050050154
Asst Rhodense,09323530965,Regione Lombardia,80050050154
Astea S.P.A.,01501460438,E-Fil S.r.l.,03789750100
ASTEM SPA,00791500150,P.A. Digitale spa,06628860964
ASTER AGENZIA SERVIZI AL TERRITORIO SRL,02071790204,Poste Italiane S.P.A.,97103880585
Asti Servizi Pubblici S.P.A.,01142420056,Intesa Sanpaolo SPA,00799960158
Atac Civitanova Spa,01349510436,Poste Italiane S.P.A.,97103880585
Atac Civitanova Spa,01349510436,Intesa Sanpaolo SPA,00799960158
Atac Spa Azienda per La Mobilita',06341981006,Poste Italiane S.P.A.,97103880585
Atac Spa Azienda per La Mobilita',06341981006,ROMA CAPITALE,02438750586
ATAP S.p.a,00188590939,E-Fil S.r.l.,03789750100
ATC ESERCIZIO SPA,01222260117,Regione Liguria,00849050109
ATC MOBILITA’ E PARCHEGGI SPA,01199840115,BRAV SRL,02818030369
ATC N. 5 FIRENZE SUD,94270930483,Numera Sistemi e Informatica SpA,01265230902
ATENA TRADING Srl – a socio unico,02064090026,Iren Mercato S.p.A.,01178580997
ATER DI MATERA,00040490773,Regione Basilicata,80002950766
ATER DI MATERA,00040490773,Intesa Sanpaolo SPA,00799960158
ATER Lanciano,00092320696,Agenzia regionale dell'Abruzzo per la Committenza,91022630676
ATER TERAMO,00061800678,Progetti e Soluzioni SPA,06423240727
ATERNO GAS & POWER SRL,01872450661,Mercurio Service spa,01413270669
ATMOS SRL,01829550332,"Banca Popolare di Sondrio, Società Cooperativa per Azioni",00053810149
ATOMO NETWORKS SRL,06009080828,Advanced Systems S.p.A.,03383350638
ATVO S.P.A.,84002020273,Poste Italiane S.P.A.,97103880585
AUG.MA ARCICONFRATERNITA DELLA SS. TRINITA' DEI PELLEGRINI,80018840639,Intesa Sanpaolo SPA,00799960158
AURICA ENERGIA SRL,11815230963,Intesa Sanpaolo SPA,00799960158
AUSINO S.P.A.  SERVIZI IDRICI INTEGRATI,80032380653,Novares Spa,12105121003
AUTOLINEE GIACHINO S.R.L.,00060360054,Optimia Srls,10893490960
Autorita' d'ambito Torinese,08581830018,"Unicredit, Societa' per Azioni",00348170101
Autorita' di Bacino del Lario e Dei Laghi Minori,92045550131,Poste Italiane S.P.A.,97103880585
Autorita' di Bacino del Lario e Dei Laghi Minori,92045550131,Regione Lombardia,80050050154
Autorita' di Bacino del Lario e Dei Laghi Minori,92045550131,Maggioli SPA,06188330150
Autorita' di Bacino Lacuale Ceresio Piano e Ghirla,95079130134,APKAPPA S.R.L.,08543640158
Autorita' di Bacino Lacuale dei Laghi d'Iseo Endine e Moro,95127830164,Maggioli SPA,06188330150
Autorita' di Bacino Lacuale dei Laghi d'Iseo Endine e Moro,95127830164,APKAPPA S.R.L.,08543640158
Autorita' di Bacino Lacuale Dei Laghi Maggiore Comabbio Monate Varese,02902910120,Maggioli SPA,06188330150
Autorita' di Bacino Laghi Garda e Idro,96022970170,Dedagroup Public Services S.R.L.,01727860221
Autorita' di Regolazione Dei Trasporti,97772010019,Maggioli SPA,06188330150
Autorita' di Regolazione per Energia Reti e Ambiente,97190020152,P.A. Digitale spa,06628860964
Autorita' di Sistema Portuale del Mar Adriatico Orientale,00050540327,Regione Autonoma Friuli-Venezia Giulia,80014930327
AUTORITA' DI SISTEMA PORTUALE DEL MAR IONIO,90048270731,Servizi Locali SpA,03170580751
Autorita' di Sistema Portuale del Mar Ligure Orientale,91091240118,Regione Liguria,00849050109
Autorita' di Sistema Portuale del Mar Tirreno Centrale,95255720633,eRemind srl – PMPAY,11311050964
Autorita' di Sistema Portuale del Mar Tirreno Centrale,95255720633,Next Step Solution,02554480349
Autorita' di sistema portuale del Mar Tirreno centro-settentrionale,01225340585,Novares Spa,12105121003
Autorita' di sistema portuale del Mar Tirreno centro-settentrionale,01225340585,Dedagroup Public Services S.R.L.,01727860221
Autorita' di Sistema Portuale del Mar Tirreno Settentrionale,92130540492,Dedagroup Public Services S.R.L.,01727860221
Autorita' di Sistema Portuale del Mare Adriatico Centrale,00093910420,Regione Marche,80008630420
Autorita' di Sistema portuale del Mare Adriatico centro-settentrionale,92033190395,Lepida Spa,02770891204
Autorita' di Sistema Portuale del Mare Adriatico Meridionale,08032850722,Regione Puglia,80017210727
Autorita' di sistema portuale del Mare Adriatico settentrionale,00184980274,Regione del Veneto,80007580279
Autorita' di Sistema portuale dello Stretto,80005610839,Novares Spa,12105121003
Autorita' Gestione Integrata Rifiuti Urbani Abruzzo,93104950667,Mercurio Service spa,01413270669
Autorita' Idrica Pugliese,07277870726,Regione Puglia,80017210727
Autorita' Nazionale Anticorruzione - A.N.AC.,97584460584,Dipartimento della funzione pubblica della Presidenza del consiglio dei ministri,80243510585
Autorita' per Il Servizio di Gestione Integrata Dei Rifiuti Urbani Ato Toscana Centro,06209840484,Regione Toscana,01386030488
Autorita' per le Garanzie nelle Comunicazioni - AGCOM,95011660636,"Unione Italiana delle Camere di Commercio Industria, Artigianato e Agricoltura",01484460587
Autorita' Portuale Regionale,91046100466,Regione Toscana,01386030488
Autorita' Umbra per Rifiuti e Idrico,03544350543,CREDEMTEL SpA,01378570350
Autorità di Sistema Portuale dei Mari Tirreno Meridionale e Ionio,91005020804,Regione Calabria,02205340793
Autorità di Sistema Portuale del Mar Ligure Occidentale,02443880998,Regione Liguria,00849050109
Autorita di Sistema Portuale del Mare di Sardegna,00141450924,Numera Sistemi e Informatica SpA,01265230902
Autorita di sistema portuale del Mare di Sicilia Occidentale,00117040824,Banco BPM Società per Azioni,09722490969
Autorita di sistema portuale del Mare di Sicilia Occidentale,00117040824,P.A. Digitale spa,06628860964
Autorita di sistema portuale del Mare di Sicilia Occidentale,00117040824,"Unicredit, Societa' per Azioni",00348170101
Autorita di Sistema Portuale del Mare di Sicilia Orientale,93083840897,Italriscossioni Società Italiana di Fiscalità Locale S.r.l.,06092371001
Autorita Garante della Concorrenza e del Mercato,97076950589,"Banca Popolare di Sondrio, Società Cooperativa per Azioni",00053810149
Autorita Idrica Toscana,06209860482,"Unicredit, Societa' per Azioni",00348170101
Autorita Idrica Toscana,06209860482,Intesa Sanpaolo SPA,00799960158
Autoservizi Cerella Srl,00091920694,Agenzia regionale dell'Abruzzo per la Committenza,91022630676
AUTOSTAZIONE DI BOLOGNA SRL,00313590374,Maggioli SPA,06188330150
Autostrada Pedemontana Lombarda Spa,08558150150,Regione Lombardia,80050050154
AUTOTRASPORTI RAINOLDI E C. S.R.L.,00476550140,"Banca Popolare di Sondrio, Società Cooperativa per Azioni",00053810149
Avvocatura dello Stato,80224030587,Lepida Spa,02770891204
Avvocatura Distrettuale Ancona,80017850423,Lepida Spa,02770891204
Avvocatura Distrettuale Bari,93003250722,Lepida Spa,02770891204
Avvocatura Distrettuale Bologna,80068910373,Lepida Spa,02770891204
Avvocatura Distrettuale Brescia,98093490179,Lepida Spa,02770891204
Avvocatura Distrettuale Cagliari,80011080928,Lepida Spa,02770891204
Avvocatura Distrettuale Caltanissetta,80008320857,Lepida Spa,02770891204
Avvocatura Distrettuale Campobasso,92012810708,Lepida Spa,02770891204
Avvocatura Distrettuale Catania,80014130878,Lepida Spa,02770891204
Avvocatura Distrettuale Catanzaro,80004580793,Lepida Spa,02770891204
Avvocatura Distrettuale Firenze,80039250487,Lepida Spa,02770891204
Avvocatura Distrettuale Genova,80101740100,Lepida Spa,02770891204
Avvocatura Distrettuale L’Aquila,80006940664,Lepida Spa,02770891204
Avvocatura Distrettuale Lecce,80018710758,Lepida Spa,02770891204
Avvocatura Distrettuale Messina,80003660836,Lepida Spa,02770891204
Avvocatura Distrettuale Milano,97021490152,Lepida Spa,02770891204
Avvocatura Distrettuale Napoli,80030620639,Lepida Spa,02770891204
Avvocatura Distrettuale Palermo,80027950825,Lepida Spa,02770891204
Avvocatura Distrettuale Perugia,80015910542,Lepida Spa,02770891204
Avvocatura Distrettuale Potenza,80008800767,Lepida Spa,02770891204
Avvocatura Distrettuale Reggio Calabria,92006980806,Lepida Spa,02770891204
Avvocatura Distrettuale Salerno,95009570656,Lepida Spa,02770891204
Avvocatura Distrettuale Torino,80101970012,Lepida Spa,02770891204
Avvocatura Distrettuale Trento,80022790226,Lepida Spa,02770891204
Avvocatura Distrettuale Trieste,80025500325,Lepida Spa,02770891204
Avvocatura Distrettuale Venezia,94026160278,Lepida Spa,02770891204
Axpo Italia spa,01141160992,Nexi Payments S.p.A,10542790968
AZIENDA AMBIENTE SRL,01844920221,E-Fil S.r.l.,03789750100
Azienda Assistenza Sanitaria 3 Alto Friuli Collinare Medio Friuli,02801560307,Regione Autonoma Friuli-Venezia Giulia,80014930327
Azienda Assistenza Sanitaria N.2 Bassa Friulana Isontina,01162270316,Regione Autonoma Friuli-Venezia Giulia,80014930327
Azienda Calabria Verde,03342820796,Regione Calabria,02205340793
Azienda Casa Emilia Romagna della Provincia di Bologna,00322270372,Lepida Spa,02770891204
Azienda Casa Emilia Romagna della Provincia di Forli' Cesena,00139940407,Next Step Solution,02554480349
Azienda Casa Emilia Romagna della Provincia di Ravenna,00080700396,Next Step Solution,02554480349
AZIENDA CASA EMILIA ROMAGNA DI PARMA,00160390340,DCS SOFTWARE E SERVIZI S.R.L.,08063140019
Azienda Comprensoriale Acquedottistica S.P.A in House Providing,91015370686,Poste Italiane S.P.A.,97103880585
AZIENDA COMUNALE DI SERVIZI – AZIENDA SPECIALE,02641320961,E-Fil S.r.l.,03789750100
Azienda Consorziale Forestale Trento - Sopramonte,80016510226,Provincia Autonoma di Trento,00337460224
Azienda Consorziale Forestale Trento - Sopramonte,80016510226,Argentea S.r.l.,02260390220
Azienda Consorziale Servizi Municipalizzati S.p.A.,00124190224,E-Fil S.r.l.,03789750100
AZIENDA CUNEESE DELL'ACQUA S.P.A.,80012250041,Progetti e Soluzioni SPA,06423240727
Azienda della Mobilita Aquilana Spa,01502970666,Numera Sistemi e Informatica SpA,01265230902
Azienda di Cura Soggiorno Turismo di Merano - Kv Meran,00197440217,Alto Adige Riscossioni Spa,02805390214
Azienda di Servizi alla Persona del Distretto di Parma,02447070349,BANCA MONTE DEI PASCHI DI SIENA,00884060526
Azienda di Servizi alla Persona del Distretto di Parma,02447070349,Lepida Spa,02770891204
Azienda di Servizi alla Persona del Distretto di Parma,02447070349,APKAPPA S.R.L.,08543640158
Azienda di Servizi alla Persona di Spilimbergo,81000750935,Regione Autonoma Friuli-Venezia Giulia,80014930327
Azienda di Servizi alla Persona Golgi - Redaelli,80063990156,"Banca Popolare di Sondrio, Società Cooperativa per Azioni",00053810149
Azienda di Servizi alla Persona Magiera Ansaloni,80010410357,Banco BPM Società per Azioni,09722490969
Azienda di Servizi alla Persona Pedemontana,81004630935,Regione Autonoma Friuli-Venezia Giulia,80014930327
Azienda di Servizi alla Persona Valsasino,03767600962,Regione Lombardia,80050050154
Azienda di Soggiorno e Turismo di Bolzano,00136120219,Alto Adige Riscossioni Spa,02805390214
Azienda energia e gas soc. cooperativa,00488490012,Next Step Solution,02554480349
Azienda Gardesana Servizi S.P.A.,80019800236,Poste Italiane S.P.A.,97103880585
Azienda Gardesana Servizi S.P.A.,80019800236,Engineering Ingegneria Informatica SpA,00967720285
Azienda Intercomunale Rotaliana S.P.A.,01579450220,Provincia Autonoma di Trento,00337460224
AZIENDA LOMBARDA PER L'EDILIZIA RESIDENZIALE DI PAVIA-LODI,00182090183,Regione Lombardia,80050050154
Azienda Meridionale Acque Messina S.P.A.,01937820833,Maggioli SPA,06188330150
AZIENDA METROPOLITANA TRASPORTI E SOSTA CATANIA SPA,04912390871,BRAV SRL,02818030369
AZIENDA MOBILITA' E TRASPORTI S.P.A.,03783930104,Comune di Genova,00856930102
Azienda Mobilita' e Trasporti Spa,00214640237,BRAV SRL,02818030369
Azienda Multiservizi Ambiente S.p.A.,01812230223,Provincia Autonoma di Trento,00337460224
AZIENDA MULTISERVIZI DI IGENE AMBIENTALE DI VERONA S.P.A.,02737960233,Nexi SpA,13212880150
AZIENDA MULTISERVIZI VALENZANA (AMV spa),95003900065,E-Fil S.r.l.,03789750100
Azienda Municipale Gas S.P.A.,05491170725,CREDEMTEL SpA,01378570350
Azienda Municipale Sviluppo Arco Srl,01683140220,Provincia Autonoma di Trento,00337460224
Azienda Musei Provinciali di Bolzano,94085430216,Alto Adige Riscossioni Spa,02805390214
Azienda Ospedale - Universita' Padova,00349040287,Regione del Veneto,80007580279
Azienda Ospedaliera,00679270553,Regione Umbria,80000130544
AZIENDA OSPEDALIERA ARCISPEDALE SANTA MARIA NUOVA,01614660353,Poste Italiane S.P.A.,97103880585
AZIENDA OSPEDALIERA ARCISPEDALE SANTA MARIA NUOVA,01614660353,Lepida Spa,02770891204
Azienda Ospedaliera Bianchi Melacrino Morelli,01367190806,Regione Calabria,02205340793
Azienda Ospedaliera Complesso Ospedaliero San Giovanni Addolorata,04735061006,Regione Lazio,80143490581
Azienda Ospedaliera Dei Colli,06798201213,P.A. Digitale spa,06628860964
Azienda Ospedaliera Dei Colli,06798201213,Regione Campania,80011990639
Azienda Ospedaliera di Cosenza,01987250782,Regione Calabria,02205340793
Azienda Ospedaliera di Perugia,02101050546,Regione Umbria,80000130544
Azienda Ospedaliera di Rilievo Nazionale Antonio Cardarelli,06853240635,Regione Campania,80011990639
Azienda Ospedaliera di Rilievo Nazionale e di Alta Specializzazione Garibaldi,04721270876,E-Fil S.r.l.,03789750100
Azienda Ospedaliera di Rilievo Nazionale e di Alta Specializzazione Garibaldi,04721270876,Banca Nazionale del Lavoro S.p.A.,09339391006
Azienda Ospedaliera Ordine Mauriziano di Torino,09059340019,Regione Piemonte,80087670016
Azienda Ospedaliera Ospedali Riuniti Marche Nord,02432930416,Regione Marche,80008630420
Azienda Ospedaliera Ospedali Riuniti Villa Sofia Cervello,05841780827,Argentea S.r.l.,02260390220
Azienda Ospedaliera Papardo,03051880833,NORDCOM,13384100155
Azienda Ospedaliera Papardo,03051880833,Progetti e Soluzioni SPA,06423240727
Azienda Ospedaliera per L'Emergenza Cannizzaro,04721280875,NORDCOM,13384100155
Azienda Ospedaliera per L'Emergenza Cannizzaro,04721280875,Progetti e Soluzioni SPA,06423240727
AZIENDA OSPEDALIERA PUGLIESE - CIACCIO,01991520790,Regione Calabria,02205340793
Azienda Ospedaliera S.Pio- Benevento,01009760628,Regione Campania,80011990639
Azienda Ospedaliera San Camillo Forlanini,04733051009,Regione Lazio,80143490581
Azienda Ospedaliera San Carlo di Potenza,01186830764,Regione Basilicata,80002950766
Azienda Ospedaliera San Giuseppe Moscati di Avellino,01948180649,Argentea S.r.l.,02260390220
Azienda Ospedaliera San Giuseppe Moscati di Avellino,01948180649,Regione Campania,80011990639
Azienda Ospedaliera Sant'Anna e San Sebastiano di Caserta,02201130610,Regione Campania,80011990639
AZIENDA OSPEDALIERA SANTA CROCE E CARLE,01127900049,Regione Piemonte,80087670016
Azienda Ospedaliera Santobono Pausilipon,06854100630,Regione Campania,80011990639
Azienda Ospedaliera Universitaria 'Federico II' di Napoli,06909360635,Regione Campania,80011990639
Azienda Ospedaliera Universitaria - Universita'  degli Studi della Campania Luigi Vanvitelli,06908670638,Regione Campania,80011990639
Azienda Ospedaliera Universitaria di Cagliari,03108560925,Regione Autonoma della Sardegna,80002870923
Azienda Ospedaliera Universitaria Integrata Verona,03901420236,Regione del Veneto,80007580279
Azienda Ospedaliera Universitaria Meyer IRCCS,02175680483,Regione Toscana,01386030488
Azienda Ospedaliera Universitaria Policlinico Paolo Giaccone,05841790826,Argentea S.r.l.,02260390220
Azienda Ospedaliera Universitaria Policlinico Paolo Giaccone,05841790826,Archidata srl,09613270157
Azienda ospedaliero-universitaria delle Marche,01464630423,Regione Marche,80008630420
Azienda Ospedaliero-Universitaria di Bologna IRCCS Istituto di Ricerca e di Cura a Carattere Scientifico,92038610371,Lepida Spa,02770891204
AZIENDA OSPEDALIERO-UNIVERSITARIA DI FERRARA,01295950388,Lepida Spa,02770891204
Azienda Ospedaliero-Universitaria di Parma,01874240342,Lepida Spa,02770891204
Azienda Ospedaliero-universitaria Maggiore della Carita,01521330033,Regione Piemonte,80087670016
"Azienda Ospedaliero-Universitaria Policlinico ""G. Rodolico-San Marco"" di Catania",04721290874,Progetti e Soluzioni SPA,06423240727
Azienda Ospedaliero-Universitaria Renato Dulbecco,01991530799,Regione Calabria,02205340793
Azienda ospedaliero-universitaria Senese,00388300527,Regione Toscana,01386030488
Azienda ospedaliero-universitaria Senese,00388300527,Poste Italiane S.P.A.,97103880585
Azienda Ospedaliero - Universitaria Citta' della Salute e della Scienza di Torino,10771180014,Regione Piemonte,80087670016
Azienda Ospedaliero - Universitaria di Modena,02241740360,Lepida Spa,02770891204
Azienda Ospedaliero - Universitaria Pisana,01310860505,Regione Toscana,01386030488
Azienda Ospedaliero Universitaria Careggi di Firenze,04612750481,Regione Toscana,01386030488
Azienda Ospedaliero Universitaria Consorziale Policlinico di Bari,04846410720,Regione Puglia,80017210727
Azienda Ospedaliero Universitaria Ospedali Riuniti di Foggia,02218910715,Regione Puglia,80017210727
Azienda Ospedaliero Universitaria Ospedali Riuniti di Trieste,01066380328,Regione Autonoma Friuli-Venezia Giulia,80014930327
Azienda Ospedaliero Universitaria Sant'Andrea,06019571006,Regione Lazio,80143490581
Azienda Ospedaliero Universitaria Santa Maria Misericordia di Udine,02445630300,Regione Autonoma Friuli-Venezia Giulia,80014930327
Azienda per il Diritto agli Studi Universitari - L'Aquila,80004530665,Agenzia regionale dell'Abruzzo per la Committenza,91022630676
Azienda per il Diritto agli Studi Universitari - L'Aquila,80004530665,Maggioli SPA,06188330150
Azienda per il diritto agli studi universitari di Chieti,80001210691,Agenzia regionale dell'Abruzzo per la Committenza,91022630676
Azienda per Il Diritto Agli Studi Universitari di Teramo,00920370673,Maggioli SPA,06188330150
Azienda per la tutela della salute - ATS Sardegna,92005870909,Regione Autonoma della Sardegna,80002870923
AZIENDA PISANA EDILIZIA SOCIALE S.C.P.A.,01699440507,P.A. Digitale spa,06628860964
Azienda Pluriservizi Macerata,00457550432,E-Fil S.r.l.,03789750100
Azienda Pluriservizi Monterotondo,05843451005,ANDREANI TRIBUTI srl,01412920439
Azienda Policlinico Umberto I,05865511009,Regione Lazio,80143490581
Azienda Provinciale per i Servizi Sanitari della Provincia Autonoma di Trento,01429410226,Provincia Autonoma di Trento,00337460224
Azienda provinciale trasporti Spa,00505830315,E-Fil S.r.l.,03789750100
Azienda Pubblica di Servizi alla Persona A.S.P. del Rubicone,03729940407,Crédit Agricole Group Solutions Società Consortile per azioni,02771790348
Azienda Pubblica di Servizi alla Persona Ardito Desio,81001370303,Regione Autonoma Friuli-Venezia Giulia,80014930327
Azienda Pubblica di Servizi alla persona casa di Riposo Mosca,02849880543,Regione Umbria,80000130544
Azienda Pubblica di Servizi alla Persona Casa per Anziani,02460260306,Regione Autonoma Friuli-Venezia Giulia,80014930327
Azienda Pubblica di Servizi alla Persona Citta di Riva,02086810229,Provincia Autonoma di Trento,00337460224
Azienda Pubblica di Servizi alla Persona Clementino Vannetti,02086700222,Provincia Autonoma di Trento,00337460224
"Azienda Pubblica di Servizi alla Persona Cordenonese ""Virginia Fabbri Taliento""",80001590936,Provincia Autonoma di Trento,00337460224
Azienda Pubblica di Servizi alla Persona Daniele Moro,00089850937,Regione Autonoma Friuli-Venezia Giulia,80014930327
Azienda Pubblica di Servizi alla Persona dei Comuni Modenesi Area Nord,03198590360,Next Step Solution,02554480349
Azienda Pubblica di Servizi alla Persona del distretto Cesena Valle Savio,03803460405,Provincia Autonoma di Trento,00337460224
Azienda Pubblica di Servizi alla Persona Delia Repetto,80005470366,BANCA MONTE DEI PASCHI DI SIENA,00884060526
Azienda Pubblica di Servizi alla Persona della Val di Fassa,02110890221,Provincia Autonoma di Trento,00337460224
Azienda Pubblica di Servizi alla Persona di Brentonico,85005170221,Provincia Autonoma di Trento,00337460224
Azienda Pubblica di Servizi alla Persona Distretto di Fidenza,02496470341,Provincia Autonoma di Trento,00337460224
Azienda Pubblica di Servizi alla Persona Distretto di Fidenza,02496470341,Crédit Agricole Group Solutions Società Consortile per azioni,02771790348
Azienda Pubblica di Servizi alla Persona Dott. Antonio Bontempelli,83002460224,Provincia Autonoma di Trento,00337460224
Azienda Pubblica di Servizi alla Persona Fondazione E. Muner De Giudici,01062260300,Provincia Autonoma di Trento,00337460224
Azienda Pubblica di Servizi alla Persona Giorgio Gasparini,03099960365,Lepida Spa,02770891204
Azienda Pubblica di Servizi alla Persona Giorgio Gasparini,03099960365,E-Fil S.r.l.,03789750100
Azienda Pubblica di Servizi alla Persona Giovanni Chiaba' di San Giorgio di Nogaro,81001630300,E-Fil S.r.l.,03789750100
Azienda Pubblica di Servizi alla Persona Giovanni Endrizzi,00322440223,Provincia Autonoma di Trento,00337460224
Azienda Pubblica di Servizi alla Persona Giudicarie Esteriori,86000490226,Provincia Autonoma di Trento,00337460224
Azienda Pubblica di Servizi alla Persona Ircr Macerata,80009620438,Provincia Autonoma di Trento,00337460224
Azienda Pubblica di Servizi alla Persona Itis,80013710324,Provincia Autonoma di Trento,00337460224
Azienda Pubblica di Servizi alla Persona Itis,80013710324,Regione Autonoma Friuli-Venezia Giulia,80014930327
Azienda Pubblica di Servizi alla Persona Margherita Grazioli,00358520229,Provincia Autonoma di Trento,00337460224
Azienda pubblica di Servizi alla Persona Martinsheim di Malles Venosta,82006570210,Alto Adige Riscossioni Spa,02805390214
Azienda Pubblica di Servizi alla Persona Montedomini - Sant'Ambrogio - Fuligno - Bigallo,80001110487,Regione Toscana,01386030488
Azienda Pubblica di Servizi alla Persona Pianura Est,03510961208,Provincia Autonoma di Trento,00337460224
Azienda Pubblica di Servizi alla Persona San Gaetano,82001090222,Provincia Autonoma di Trento,00337460224
Azienda Pubblica di Servizi alla Persona San Giuseppe,81001630227,Provincia Autonoma di Trento,00337460224
AZIENDA PUBBLICA DI SERVIZI ALLA PERSONA SAN VALENTINO,81001910223,Provincia Autonoma di Trento,00337460224
Azienda Pubblica di Servizi alla Persona Santa Maria,83003520224,Provincia Autonoma di Trento,00337460224
Azienda Pubblica di Servizi alla Persona Seneca,02800411205,Lepida Spa,02770891204
Azienda Pubblica di Servizi alla Persona Seneca,02800411205,E-Fil S.r.l.,03789750100
Azienda Pubblica di Servizi alla Persona Stati Uniti D'America,02892040300,Regione Autonoma Friuli-Venezia Giulia,80014930327
Azienda Pubblica di Servizi alla Persona Valle del Vanoi,81002610228,Provincia Autonoma di Trento,00337460224
Azienda pubblica servizi alla persona Cav. Marco Rossi Sidoli,81000140343,Crédit Agricole Group Solutions Società Consortile per azioni,02771790348
Azienda Pubblica Servizi alla Persona Cristani - De Luca,00374380228,Provincia Autonoma di Trento,00337460224
Azienda Pubblica Servizi alla Persona Maria Redditi,81001890524,Dedagroup Public Services S.R.L.,01727860221
Azienda Pubblica Servizi alla Persona San Giovanni,01144840228,Provincia Autonoma di Trento,00337460224
Azienda Regionale dell'Emergenza Urgenza della Sardegna,01526480916,Regione Autonoma della Sardegna,80002870923
Azienda Regionale di Coordinamento per La Salute,02948180308,Regione Autonoma Friuli-Venezia Giulia,80014930327
Azienda Regionale Diritto allo Studio Universitario di Basilicata,96024370767,Regione Basilicata,80002950766
Azienda Regionale Emergenza Sanitaria - ARES 118,08173691000,Banca Nazionale del Lavoro S.p.A.,09339391006
Azienda Regionale Emergenza Urgenza,03128170135,Regione Lombardia,80050050154
Azienda Regionale per il Diritto agli Studi Superiori ER.GO,02786551206,Lepida Spa,02770891204
Azienda Regionale per il Diritto agli Studi Superiori ER.GO,02786551206,Argentea S.r.l.,02260390220
Azienda Regionale per il Diritto allo Studio Universitario,94164020482,Regione Toscana,01386030488
Azienda Regionale per Il Diritto allo Studio Universitario di Venezia,01740230279,Argentea S.r.l.,02260390220
Azienda Regionale per Il Diritto allo Studio Universitario di Venezia,01740230279,Regione del Veneto,80007580279
Azienda Regionale per L'Edilizia Abitativa,03077790925,Regione Autonoma della Sardegna,80002870923
Azienda Regionale per L'Edilizia Residenziale della Valle D'Aosta,00061400073,"Banca Popolare di Sondrio, Società Cooperativa per Azioni",00053810149
Azienda Regionale per l'Innovazione egli Acquisti - ARIA SpA,05017630152,Regione Lombardia,80050050154
Azienda Regionale per Lo Sviluppo dell'Agricoltura Calabrese,03268540782,Regione Calabria,02205340793
Azienda Regionale Territoriale per L'Edilizia della Provincia di Savona,00190540096,Regione Liguria,00849050109
Azienda Reti Elettriche S.r.l.,02404330223,E-Fil S.r.l.,03789750100
Azienda San Severino Marche,01210650436,Novares Spa,12105121003
Azienda Sanitaria dell'Alto Adige - Suedtiroler Sanitaetsbetrieb,00773750211,Alto Adige Riscossioni Spa,02805390214
Azienda Sanitaria di Potenza ASP,01722360763,Regione Basilicata,80002950766
Azienda Sanitaria Friuli Occidentale,01772890933,Regione Autonoma Friuli-Venezia Giulia,80014930327
Azienda sanitaria Locale - ASL - Asti,01120620057,Regione Piemonte,80087670016
Azienda Sanitaria Locale 2 di Savona,01062990096,Regione Liguria,00849050109
Azienda Sanitaria Locale 2 Lanciano Vasto Chieti,02307130696,Agenzia regionale dell'Abruzzo per la Committenza,91022630676
Azienda Sanitaria Locale AL di Alessandria,02190140067,Regione Piemonte,80087670016
Azienda Sanitaria Locale Avellino,02600160648,Regione Campania,80011990639
Azienda Sanitaria Locale Avezzano Sulmona L'Aquila,01792410662,Agenzia regionale dell'Abruzzo per la Committenza,91022630676
Azienda Sanitaria Locale Bari,06534340721,Regione Puglia,80017210727
Azienda Sanitaria Locale Benevento 1,01009680628,Regione Campania,80011990639
Azienda Sanitaria Locale BT di Andria,90062670725,Regione Puglia,80017210727
Azienda Sanitaria Locale Caserta,03519500619,Regione Campania,80011990639
Azienda Sanitaria Locale Citta' di Torino,11632570013,Regione Piemonte,80087670016
Azienda Sanitaria Locale CN1,01128930045,Regione Piemonte,80087670016
Azienda Sanitaria Locale CN2 Alba-Bra,02419170044,Regione Piemonte,80087670016
Azienda Sanitaria Locale della Provincia di Biella,01810260024,Regione Piemonte,80087670016
Azienda Sanitaria Locale di Brindisi,01647800745,Regione Puglia,80017210727
Azienda Sanitaria Locale di Lecce,04008300750,"Unicredit, Societa' per Azioni",00348170101
Azienda Sanitaria Locale di Lecce,04008300750,Regione Puglia,80017210727
Azienda Sanitaria Locale di Matera,01178540777,Regione Basilicata,80002950766
Azienda Sanitaria Locale di Napoli 3 Sud,06322711216,Poste Italiane S.P.A.,97103880585
Azienda Sanitaria Locale di Napoli 3 Sud,06322711216,Regione Campania,80011990639
Azienda Sanitaria Locale di Salerno,04701800650,P.A. Digitale spa,06628860964
Azienda Sanitaria Locale di Salerno,04701800650,Regione Campania,80011990639
Azienda Sanitaria Locale di Taranto,02026690731,Regione Puglia,80017210727
Azienda Sanitaria Locale N. 4 di Teramo,00115590671,Agenzia regionale dell'Abruzzo per la Committenza,91022630676
Azienda Sanitaria Locale Napoli 1 Centro,06328131211,Regione Campania,80011990639
Azienda Sanitaria Locale Napoli 2 Nord,96024110635,Regione Campania,80011990639
Azienda Sanitaria Locale NO,01522670031,Regione Piemonte,80087670016
Azienda Sanitaria Locale Roma 1,13664791004,Regione Lazio,80143490581
Azienda Sanitaria Locale Roma 2,13665151000,Regione Lazio,80143490581
Azienda Sanitaria Locale Roma 3,04733491007,Regione Lazio,80143490581
Azienda Sanitaria Locale Roma 5,04733471009,Regione Lazio,80143490581
Azienda Sanitaria Locale Roma 6,04737811002,Regione Lazio,80143490581
Azienda Sanitaria Locale TO3,09735650013,Regione Piemonte,80087670016
Azienda Sanitaria Locale TO4,09736160012,Regione Piemonte,80087670016
Azienda Sanitaria Locale TO5 di Chieri,06827170017,Regione Piemonte,80087670016
Azienda Sanitaria Locale VCO,00634880033,Regione Piemonte,80087670016
Azienda Sanitaria Locale Vercelli,01811110020,Regione Piemonte,80087670016
Azienda Sanitaria Ospedaliera SS. Antonio e Biagio e C. Arrigo,01640560064,Regione Piemonte,80087670016
Azienda Sanitaria Provinciale Catania,04721260877,NORDCOM,13384100155
Azienda Sanitaria Provinciale Crotone,01997410798,Regione Calabria,02205340793
Azienda Sanitaria Provinciale di Agrigento,02570930848,Poste Italiane S.P.A.,97103880585
Azienda Sanitaria Provinciale di Caltanissetta,01825570854,Banca Nazionale del Lavoro S.p.A.,09339391006
Azienda Sanitaria Provinciale di Catanzaro,02865540799,Regione Calabria,02205340793
Azienda Sanitaria Provinciale di Cosenza,02853720783,Regione Calabria,02205340793
Azienda Sanitaria Provinciale di Enna,01151150867,P.A. Digitale spa,06628860964
Azienda Sanitaria Provinciale di Messina,03051870834,Poste Italiane S.P.A.,97103880585
Azienda Sanitaria Provinciale di Palermo,05841760829,Archidata srl,09613270157
Azienda Sanitaria Provinciale di Siracusa,01661590891,NORDCOM,13384100155
Azienda Sanitaria Provinciale di Siracusa,01661590891,Progetti e Soluzioni SPA,06423240727
Azienda Sanitaria Provinciale di Trapani,02363280815,"Unicredit, Societa' per Azioni",00348170101
Azienda Sanitaria Provinciale di Trapani,02363280815,Dedagroup Public Services S.R.L.,01727860221
Azienda Sanitaria Provinciale di Vibo Valentia,02866420793,Regione Calabria,02205340793
Azienda Sanitaria Provinciale N. 5 di Reggio Calabria,02638720801,Regione Calabria,02205340793
Azienda Sanitaria Provinciale Ragusa,01426410880,Archidata srl,09613270157
Azienda Sanitaria Regionale Molise,01546900703,P.A. Digitale spa,06628860964
Azienda Sanitaria Universitaria Friuli Centrale,02985660303,Regione Autonoma Friuli-Venezia Giulia,80014930327
Azienda Sanitaria Universitaria Giuliano Isontina,01337320327,Regione Autonoma Friuli-Venezia Giulia,80014930327
Azienda Sanitaria Universitaria Integrata di Trieste,01258370327,Regione Autonoma Friuli-Venezia Giulia,80014930327
Azienda Sanitaria Universitaria Integrata di Udine,02801610300,Regione Autonoma Friuli-Venezia Giulia,80014930327
Azienda Servizi alla Persona Carlo Pezzani,86000150184,Provincia Autonoma di Trento,00337460224
Azienda Servizi alla Persona Carlo Pezzani,86000150184,"Banca Popolare di Sondrio, Società Cooperativa per Azioni",00053810149
Azienda Servizi alla Persona del Forlivese,03882990405,Provincia Autonoma di Trento,00337460224
Azienda Servizi alla Persona del Territorio Suzzarese - Socialis -,02575140203,Poste Italiane S.P.A.,97103880585
Azienda Servizi alla Persona Ravenna Cervia e Russi,02312680396,Provincia Autonoma di Trento,00337460224
Azienda Servizi alla Persona Vittorio Emanuele II,81001870427,Provincia Autonoma di Trento,00337460224
Azienda Servizi Igiene Ambientale Napoli Spa,07494740637,Intesa Sanpaolo SPA,00799960158
Azienda Servizi Municipalizzati di Merano SpA,01526780216,Alto Adige Riscossioni Spa,02805390214
Azienda Servizi Municipalizzati Tione di Trento,01531350229,Provincia Autonoma di Trento,00337460224
"Azienda Servizi per la Cittadinanza Interventi Sociali Valli Reno, Lavino e Samoggia",02985591201,E-Fil S.r.l.,03789750100
Azienda Servizi Pubblici Olbia S.P.A.,82004950901,Abaco Spa,02391510266
Azienda Servizi Pubblici Olbia S.P.A.,82004950901,P.A. Digitale spa,06628860964
Azienda Servizi Pubblici Olbia S.P.A.,82004950901,Numera Sistemi e Informatica SpA,01265230902
Azienda Servizi Pubblici Olbia S.P.A.,82004950901,E-Fil S.r.l.,03789750100
Azienda Servizi Pubblici SPA,02315031001,"Banca Popolare di Sondrio, Società Cooperativa per Azioni",00053810149
Azienda Servizi Sociali di Bolzano,01710790211,Alto Adige Riscossioni Spa,02805390214
Azienda Servizi Territoriali Spa,03376720177,Novares Spa,12105121003
Azienda Servizi Territoriali Spa,03376720177,Progetti e Soluzioni SPA,06423240727
AZIENDA SERVIZI TOANO SRL UNIPERSONALE,02135000350,APKAPPA S.R.L.,08543640158
Azienda Servizi Valtrompia Spa,02013000985,"Unicredit, Societa' per Azioni",00348170101
Azienda Sociale Centro Lario e Valli,02945720130,P.A. Digitale spa,06628860964
Azienda Sociale Sud Est Milano,97529770154,APKAPPA S.R.L.,08543640158
AZIENDA SOCIO SANITARIA LOCALE N. 1 DI SASSARI,02884000908,Regione Autonoma della Sardegna,80002870923
AZIENDA SOCIO SANITARIA LOCALE N. 2 DELLA GALLURA,02891650901,Dipartimento della funzione pubblica della Presidenza del consiglio dei ministri,80243510585
AZIENDA SOCIO SANITARIA LOCALE N. 2 DELLA GALLURA,02891650901,Regione Autonoma della Sardegna,80002870923
AZIENDA SOCIO SANITARIA LOCALE N. 3 DI NUORO,01620480911,Regione Autonoma della Sardegna,80002870923
AZIENDA SOCIO SANITARIA LOCALE N. 4 DELL'OGLIASTRA,01620420917,Regione Autonoma della Sardegna,80002870923
AZIENDA SOCIO SANITARIA LOCALE N. 5 DI ORISTANO,01258180957,Regione Autonoma della Sardegna,80002870923
AZIENDA SOCIO SANITARIA LOCALE N. 6 DEL MEDIO CAMPIDANO,03990320925,Regione Autonoma della Sardegna,80002870923
AZIENDA SOCIO SANITARIA LOCALE N. 7 DEL SULCIS,03990310926,Regione Autonoma della Sardegna,80002870923
AZIENDA SOCIO SANITARIA LOCALE N. 8 DI CAGLIARI,03990560926,Regione Autonoma della Sardegna,80002870923
Azienda Socio Sanitaria Territoriale Degli Spedali Civili di Brescia,03775110988,Regione Lombardia,80050050154
Azienda Socio Sanitaria Territoriale Dei Sette Laghi,03510050127,Regione Lombardia,80050050154
Azienda Socio Sanitaria Territoriale del Garda,03775660982,Regione Lombardia,80050050154
Azienda Socio Sanitaria Territoriale della Brianza,09314320962,Regione Lombardia,80050050154
Azienda Socio Sanitaria Territoriale della Franciacorta,03775820982,Regione Lombardia,80050050154
Azienda Socio Sanitaria Territoriale della Valcamonica,03775830981,Regione Lombardia,80050050154
Azienda Socio Sanitaria Territoriale della Valle Olona,03510190121,Regione Lombardia,80050050154
Azienda Socio Sanitaria Territoriale della Valtellina e dell'Alto Lario,00988090148,Regione Lombardia,80050050154
Azienda Socio Sanitaria Territoriale di Bergamo Est,04114380167,Regione Lombardia,80050050154
Azienda Socio Sanitaria Territoriale di Bergamo Ovest,04114450168,Regione Lombardia,80050050154
Azienda Socio Sanitaria Territoriale di Crema,01629350198,Regione Lombardia,80050050154
Azienda Socio Sanitaria Territoriale di Cremona,01629400191,Regione Lombardia,80050050154
Azienda Socio Sanitaria Territoriale di Lecco,03622120131,Regione Lombardia,80050050154
Azienda Socio Sanitaria Territoriale di Lodi,09322180960,Regione Lombardia,80050050154
Azienda Socio Sanitaria Territoriale di Mantova,02481840201,Regione Lombardia,80050050154
Azienda Socio Sanitaria Territoriale di Monza,09314290967,Regione Lombardia,80050050154
Azienda Socio Sanitaria Territoriale di Pavia,02613080189,Regione Lombardia,80050050154
Azienda Socio Sanitaria Territoriale Grande Ospedale Metropolitano Niguarda,09315660960,Regione Lombardia,80050050154
Azienda Socio Sanitaria Territoriale Lariana,03622110132,Regione Lombardia,80050050154
Azienda Socio Sanitaria Territoriale Melegnano e della Martesana,09320650964,Regione Lombardia,80050050154
Azienda Socio Sanitaria Territoriale Nord Milano,09320420962,Regione Lombardia,80050050154
Azienda Socio Sanitaria Territoriale Papa Giovanni XXIII,04114370168,Regione Lombardia,80050050154
Azienda Socio Sanitaria Territoriale Santi Paolo e Carlo,09321970965,Regione Lombardia,80050050154
Azienda Sociosanitaria 3,03399650104,Poste Italiane S.P.A.,97103880585
Azienda Sociosanitaria 3,03399650104,Regione Liguria,00849050109
Azienda Sociosanitaria Ligure 5,00962520110,Regione Liguria,00849050109
Azienda Sociosanitaria Ligure n. 4 - Sistema Sanitario Regione Liguria,01038700991,Regione Liguria,00849050109
Azienda Sociosanitaria Ligure n.1,01083060085,Regione Liguria,00849050109
Azienda Speciale A.Parmiani,02725860122,Progetti e Soluzioni SPA,06423240727
AZIENDA SPECIALE COMUNI RIUNITI,02254180413,Abaco Spa,02391510266
Azienda Speciale Consortile Penisola Sorrentina,09025691214,Advanced Systems S.p.A.,03383350638
AZIENDA SPECIALE CONSORTILE PER I SERVIZI ALLA PERSONA DEL TERRITORIO DEL DESTRA SECCHIA,02610710200,Intesa Sanpaolo SPA,00799960158
Azienda Speciale Consorzio Servizi Sociali dell'Ogiatese,02793530136,Regione Lombardia,80050050154
Azienda Speciale I Millefiori,02809180355,E-Fil S.r.l.,03789750100
AZIENDA SPECIALE MONTESERVIZI,01762730511,Dedagroup Public Services S.R.L.,01727860221
Azienda Speciale Multiservizi Pandino,01445270190,eRemind srl – PMPAY,11311050964
Azienda Speciale Multiservizi Senago,11673490154,Maggioli SPA,06188330150
Azienda Speciale Multiservizi Senago,11673490154,APKAPPA S.R.L.,08543640158
Azienda Speciale Parco di Porto Conte,92073010909,Numera Sistemi e Informatica SpA,01265230902
Azienda Speciale per La Gestione Degli Impianti Sportivi del Comune di Trento,01591870223,Provincia Autonoma di Trento,00337460224
AZIENDA SPECIALE SARNO SERVIZI INTEGRATI,06022880659,Dedagroup Public Services S.R.L.,01727860221
Azienda Speciale Servizi alla Persona,01741290389,Provincia Autonoma di Trento,00337460224
Azienda Speciale Servizi alla Persona e alla Famiglia Futura,12547300157,Regione Lombardia,80050050154
Azienda Speciale Servizi Bassa Reggiana,02491850356,Lepida Spa,02770891204
Azienda Speciale Servizi Bassa Reggiana,02491850356,Next Step Solution,02554480349
Azienda Speciale Servizi Bassa Reggiana,02491850356,I.C.A. Imposte Comunali Affini Srl,02478610583
Azienda Speciale Servizi Infanzia e Famiglia G.B. Chimelli,80010630228,Provincia Autonoma di Trento,00337460224
Azienda Speciale Servizi Infanzia e Famiglia G.B. Chimelli,80010630228,Dedagroup Public Services S.R.L.,01727860221
AZIENDA SPECIALE SERVIZI PUBBLICI,91005650121,Maggioli SPA,06188330150
Azienda Speciale Sts Multiservizi,13054971000,E-Fil S.r.l.,03789750100
Azienda Speciale Ufficio D'Ambito della Provincia di Pavia per La Regolazione e La Pianificazione del Servizio Idrico Integrato,96065970186,APKAPPA S.R.L.,08543640158
Azienda Speciale Ufficio D'Ambito di Como,95109690131,"Banca Popolare di Sondrio, Società Cooperativa per Azioni",00053810149
Azienda Strade Lazio - Astral S.P.A.,07244131004,eRemind srl – PMPAY,11311050964
Azienda Strade Lazio - Astral S.P.A.,07244131004,P.A. Digitale spa,06628860964
Azienda Territoriale Edilizia Residenziale della Provincia di Padova,00222610289,Poste Italiane S.P.A.,97103880585
Azienda Territoriale Edilizia Residenziale della Provincia di Padova,00222610289,Intesa Sanpaolo SPA,00799960158
Azienda Territoriale Edilizia Residenziale per La Provincia di Pescara,00062890686,Agenzia regionale dell'Abruzzo per la Committenza,91022630676
Azienda Territoriale Edilizia Residenziale Pubblica Calabria,03479720793,Poste Italiane S.P.A.,97103880585
Azienda Territoriale Edilizia Residenziale Pubblica della Provincia di Potenza,00090670761,Regione Basilicata,80002950766
AZIENDA TERRITORIALE PER EDILIZIA RESIDENZIALE PUBBLICA,00040520579,Poste Italiane S.P.A.,97103880585
Azienda Territoriale per l'Edilizia Residenziale di Gorizia,00051390318,Regione Autonoma Friuli-Venezia Giulia,80014930327
Azienda Territoriale per L'Edilizia Residenziale Pubblica del Comune di Roma,00410700587,Poste Italiane S.P.A.,97103880585
Azienda Territoriale per l'Edilizia Residenziale Pubblica della Provincia di Latina,00081960593,Poste Italiane S.P.A.,97103880585
Azienda Territoriale per L'Edilizia Residenziale Pubblica della Provincia di Roma,07756461005,Poste Italiane S.P.A.,97103880585
Azienda Territoriale per L'Edilizia Residenziale Pubblica della Provincia di Roma,07756461005,E-Fil S.r.l.,03789750100
Azienda Territoriale per L'Edilizia Residenziale Pubblica della Provincia di Viterbo,80000910564,Poste Italiane S.P.A.,97103880585
Azienda Territoriale per L'Edilizia Residenziale Pubblica della Provincia di Viterbo,80000910564,Progetti e Soluzioni SPA,06423240727
AZIENDA TERRITORIALE PER L’EDILIZIA RESIDENZIALE PUBBLICA  (ATER)  PROVINCIA DI FROSINONE,00105380604,eRemind srl – PMPAY,11311050964
Azienda Trasporti Automobilistici Pubblici Province Biella e Vercelli,01537000026,Regione Piemonte,80087670016
Azienda Trasporti Messina S.P.A.,03573940834,Maggioli SPA,06188330150
Azienda Trasporti Milanesi,97230720159,Intesa Sanpaolo SPA,00799960158
Azienda Trasporti Pubblici Nuoro,00087460911,Numera Sistemi e Informatica SpA,01265230902
AZIENDA TRASPORTI PUBBLICI S.p.A.,00121470900,Numera Sistemi e Informatica SpA,01265230902
Azienda U.S.L. Toscana Nord - Ovest,02198590503,Regione Toscana,01386030488
Azienda ULSS n. 1 Dolomiti,00300650256,Regione del Veneto,80007580279
Azienda ULSS n. 2 Marca Trevigiana,03084880263,Regione del Veneto,80007580279
azienda ULSS n. 3 Serenissima,02798850273,Regione del Veneto,80007580279
Azienda ULSS n. 4 Veneto Orientale,02799490277,Regione del Veneto,80007580279
Azienda ULSS n. 9 Scaligera,02573090236,E-Fil S.r.l.,03789750100
Azienda ULSS n. 9 Scaligera,02573090236,Regione del Veneto,80007580279
AZIENDA ULSS n.5 Polesana,01013470297,Regione del Veneto,80007580279
Azienda ULSS n.6 Euganea,00349050286,Regione del Veneto,80007580279
Azienda ULSS n.7 Pedemontana,00913430245,Regione del Veneto,80007580279
Azienda ULSS n.8 Berica,02441500242,Regione del Veneto,80007580279
Azienda Unita' Sanitaria Locale di Frosinone,01886690609,Regione Lazio,80143490581
Azienda Unita' Sanitaria Locale di Modena,02241850367,Lepida Spa,02770891204
Azienda Unita' Sanitaria Locale di Parma,01874230343,Lepida Spa,02770891204
Azienda Unita' Sanitaria Locale Toscana Centro,06593810481,Regione Toscana,01386030488
Azienda Unita' Sanitaria Locale Toscana Sud Est,02236310518,Regione Toscana,01386030488
Azienda Unita' Sanitaria Locale Umbria 1,03301860544,Regione Umbria,80000130544
Azienda Unita' Sanitaria Locale Umbria 2,01499590550,Regione Umbria,80000130544
Azienda Unita' Sanitaria Locale Viterbo,01455570562,Regione Lazio,80143490581
Azienda Usl della Romagna,02483810392,Poste Italiane S.P.A.,97103880585
Azienda Usl della Romagna,02483810392,Lepida Spa,02770891204
Azienda USL della Valle d'Aosta,91001750073,Regione Autonoma Valle D'Aosta,80002270074
Azienda USL di Bologna,02406911202,Lepida Spa,02770891204
Azienda USL di Ferrara,01295960387,Lepida Spa,02770891204
Azienda USL di Ferrara,01295960387,E-Fil S.r.l.,03789750100
Azienda USL di Reggio Emilia,01598570354,Poste Italiane S.P.A.,97103880585
Azienda USL di Reggio Emilia,01598570354,Lepida Spa,02770891204
Azienda USL Imola,90000900374,Lepida Spa,02770891204
Azienda USL Latina,01684950593,Regione Lazio,80143490581
Azienda USL Pescara,01397530682,Poste Italiane S.P.A.,97103880585
Azienda USL Piacenza,91002500337,Poste Italiane S.P.A.,97103880585
Azienda USL Piacenza,91002500337,Lepida Spa,02770891204
Azienda USL Rieti,00821180577,Regione Lazio,80143490581
Azienda Veneziana della Mobilita Spa,03096680271,Intesa Sanpaolo SPA,00799960158
Azienda Zero,05018720283,Regione del Veneto,80007580279
Azimut SPA,90003710390,Lepida Spa,02770891204
Azimut SPA,90003710390,E-Fil S.r.l.,03789750100
B+ Cooperativa Sociale,02068500541,Progetti e Soluzioni SPA,06423240727
Bacino Imbrifero Montano del Livenza - Pordenone,91005940936,E-Fil S.r.l.,03789750100
BAGNI MARINA GENOVESE SRL,01226520995,Comune di Genova,00856930102
Barletta Servizi Ambientali Spa,05577300725,Dedagroup Public Services S.R.L.,01727860221
BBANDA SRL,02890750835,Banco BPM Società per Azioni,09722490969
BE ONE SPA,02598510465,Intesa Sanpaolo SPA,00799960158
BEA GESTIONI SPA,08081300967,Intesa Sanpaolo SPA,00799960158
BEA GESTIONI SPA,08081300967,ICCREA Banca SpA,04774801007
Bell 2 Società Coop. Sociale,01659600082,Intesa Sanpaolo SPA,00799960158
BELLUNUM SRL,01075590255,Regione del Veneto,80007580279
BERLOR GENERAL CONTRACTOR SRL,05054270755,Dedagroup Public Services S.R.L.,01727860221
Biblioteca Comunale degli Intronati,80005860525,Dedagroup Public Services S.R.L.,01727860221
BIBLIOTECA MEDICEA LAURENZIANA,80017190481,Intesa Sanpaolo SPA,00799960158
BIBOS S.R.L. a Socio Unico,03642220135,E-Fil S.r.l.,03789750100
Bim Gestione Servizi Pubblici Spa,00971870258,Poste Italiane S.P.A.,97103880585
Bim Gestione Servizi Pubblici Spa,00971870258,Engineering Ingegneria Informatica SpA,00967720285
Bim Gestione Servizi Pubblici Spa,00971870258,Progetti e Soluzioni SPA,06423240727
BIORISTORO ITALIA SRL,01337360596,Optimia Srls,10893490960
BIORISTORO ITALIA SRL,01337360596,Progetti e Soluzioni SPA,06423240727
Blu Gas Metano Srl,07542541219,Mercurio Service spa,01413270669
BOMOB S.C. A R.L.,11865950965,Nexi Payments S.p.A,10542790968
BORGOSERVIZI ASBS,02107930469,Abaco Spa,02391510266
BORSA MERCI TELEMATICA ITALIANA SCPA,06044201009,"Unione Italiana delle Camere di Commercio Industria, Artigianato e Agricoltura",01484460587
Boscotrecase Ic 1 - Sm Prisco,90081880636,Ministero dell'istruzione e del merito,80185250588
Brescia Mobilita' Spa,02246660985,Maggioli SPA,06188330150
Brescia Trasporti S.P.A.,03513620173,Maggioli SPA,06188330150
BRIANZA ENERGIA AMBIENTE SPA,83002320154,Intesa Sanpaolo SPA,00799960158
BRIANZA ENERGIA AMBIENTE SPA,83002320154,ICCREA Banca SpA,04774801007
Brianzacque Srl,03988240960,Engineering Ingegneria Informatica SpA,00967720285
Buergerheim St.Nikolaus Von Der Fluee - Apsp,93001110217,Alto Adige Riscossioni Spa,02805390214
C&C S.r.l.,07057670726,Poste Italiane S.P.A.,97103880585
C.A.D.F. S.P.A.,01280290386,Novares Spa,12105121003
C.B.B.O. Srl,01669960989,E-Fil S.r.l.,03789750100
C.D. SAN FRANCESCO - S. SEVERO,93061350711,ARGO SOFTWARE SRL,00838520880
C.D. SAN FRANCESCO - S. SEVERO,93061350711,Ministero dell'istruzione e del merito,80185250588
C.E.G.,00035870070,Poste Italiane S.P.A.,97103880585
C.ED.A.M.,93063730423,Intesa Sanpaolo SPA,00799960158
C.I.D.A.S. Soc. Coop. Sociale a r.l. Impresa Sociale,00463980383,Intesa Sanpaolo SPA,00799960158
C.I.Di.S. Consorzio Pubblico Interuniversitario per Il Diritto allo Studio Universitario,97513110151,"Banca Popolare di Sondrio, Società Cooperativa per Azioni",00053810149
C.I.R.A. SRL,92054820094,Maggioli SPA,06188330150
C.I.S.A.S. Consorzio Intercomunale per I Servizi di Assistenza Sociale,01878250024,Siscom SPA,01778000040
C.M.V. Servizi S.R.L.,01467410385,eRemind srl – PMPAY,11311050964
C.M.V. Servizi S.R.L.,01467410385,"Unicredit, Societa' per Azioni",00348170101
C.M.V. Servizi S.R.L.,01467410385,E-Fil S.r.l.,03789750100
C.P.I.A. 3 Torino,94071240017,Ministero dell'istruzione e del merito,80185250588
C.P.I.A. 4,97846590582,Ministero dell'istruzione e del merito,80185250588
C.P.I.A. Ascoli Piceno - Centro Provinciale per L' Istruzione Degli Adulti della Provincia di Ascoli Piceno,92061710445,Ministero dell'istruzione e del merito,80185250588
C.P.I.A. Centro Provinciale per L'Istruzione Degli Adulti - Sede Ancona,93143910425,ARGO SOFTWARE SRL,00838520880
C.P.I.A. Centro Provinciale per L'Istruzione Degli Adulti - Sede Ancona,93143910425,Ministero dell'istruzione e del merito,80185250588
C.P.I.A. Centro Provinciale per L'Istruzione Degli Adulti di Treviso,94149170261,Ministero dell'istruzione e del merito,80185250588
C.P.I.A. Centro Provinciale per L'Istruzione Degli Adulti di Vicenza,95125790246,Ministero dell'istruzione e del merito,80185250588
C.P.I.A. Co Istituto Olivetti,93057380771,Ministero dell'istruzione e del merito,80185250588
C.P.I.A. Fermo,90064820443,Ministero dell'istruzione e del merito,80185250588
C.P.I.A. Giuseppe Foti,90117940560,Ministero dell'istruzione e del merito,80185250588
C.P.I.A. La Spezia,91087200118,Ministero dell'istruzione e del merito,80185250588
C.P.I.A. Provincia di Imperia,90088810081,Ministero dell'istruzione e del merito,80185250588
C.P.I.A. Provincia di Teramo,92050540670,Ministero dell'istruzione e del merito,80185250588
C.P.I.A. Ragusa,92040010883,Ministero dell'istruzione e del merito,80185250588
C.P.I.A. Sede Macerata,93075560438,Ministero dell'istruzione e del merito,80185250588
C.V.A. S.p.A.,01013130073,Intesa Sanpaolo SPA,00799960158
CAFC SPA,00158530303,Intesa Sanpaolo SPA,00799960158
CALDERALI GAS SRL,02094240690,Advanced Systems S.p.A.,03383350638
Calenzano Comune SRL,05637970483,Maggioli SPA,06188330150
Caltaqua Acque di Caltanissetta S.P.A.,01753240850,eRemind srl – PMPAY,11311050964
Camera dei Deputati,80442710580,CINECA consorzio universitario,00317740371
Camera di Commercio Arezzo Siena,02326130511,"Unione Italiana delle Camere di Commercio Industria, Artigianato e Agricoltura",01484460587
Camera di Commercio del Molise,01741020703,"Unione Italiana delle Camere di Commercio Industria, Artigianato e Agricoltura",01484460587
Camera di Commercio dell'Umbria,03764550541,"Unione Italiana delle Camere di Commercio Industria, Artigianato e Agricoltura",01484460587
Camera di Commercio della Maremma e del Tirreno,01838690491,"Unione Italiana delle Camere di Commercio Industria, Artigianato e Agricoltura",01484460587
Camera di Commercio della Romagna Forli Cesena e Rimini,04283130401,"Unione Italiana delle Camere di Commercio Industria, Artigianato e Agricoltura",01484460587
Camera di Commercio di Milano Monza Brianza Lodi,09920840965,"Unione Italiana delle Camere di Commercio Industria, Artigianato e Agricoltura",01484460587
Camera di Commercio Industria Artigianato Agricoltura del Gran Sasso D'Italia,02016350668,"Unione Italiana delle Camere di Commercio Industria, Artigianato e Agricoltura",01484460587
Camera di Commercio Industria Artigianato Agricoltura di Frosinone-latina,02957560598,"Unione Italiana delle Camere di Commercio Industria, Artigianato e Agricoltura",01484460587
Camera di Commercio Industria Artigianato Agricoltura di Treviso Belluno,04787880261,"Unione Italiana delle Camere di Commercio Industria, Artigianato e Agricoltura",01484460587
Camera di Commercio Industria Artigianato e Agricoltura Chieti Pescara,02558590697,"Unione Italiana delle Camere di Commercio Industria, Artigianato e Agricoltura",01484460587
Camera di Commercio Industria Artigianato e Agricoltura del Sud Est Sicilia,05379380875,"Unione Italiana delle Camere di Commercio Industria, Artigianato e Agricoltura",01484460587
Camera di Commercio Industria Artigianato e Agricoltura dell'Emilia,02870690340,"Unione Italiana delle Camere di Commercio Industria, Artigianato e Agricoltura",01484460587
Camera di Commercio Industria Artigianato e Agricoltura della Basilicata,02019590765,"Unione Italiana delle Camere di Commercio Industria, Artigianato e Agricoltura",01484460587
Camera di Commercio Industria Artigianato e Agricoltura Delle Marche,02789930423,"Unione Italiana delle Camere di Commercio Industria, Artigianato e Agricoltura",01484460587
"CAMERA DI COMMERCIO INDUSTRIA ARTIGIANATO E AGRICOLTURA DI AGRIGENTO, CALTANISSETTA E TRAPANI",02643230812,"Unione Italiana delle Camere di Commercio Industria, Artigianato e Agricoltura",01484460587
Camera di Commercio Industria Artigianato e Agricoltura di Alessandria - Asti,02575140062,"Unione Italiana delle Camere di Commercio Industria, Artigianato e Agricoltura",01484460587
Camera di Commercio Industria Artigianato e Agricoltura di Biella e Vercelli,02613520028,"Unione Italiana delle Camere di Commercio Industria, Artigianato e Agricoltura",01484460587
Camera di Commercio Industria Artigianato e Agricoltura di Cagliari-Oristano,92244600927,"Unione Italiana delle Camere di Commercio Industria, Artigianato e Agricoltura",01484460587
Camera di Commercio Industria Artigianato e Agricoltura di Catanzaro Crotone e Vibo Valentia,97087540791,"Unione Italiana delle Camere di Commercio Industria, Artigianato e Agricoltura",01484460587
Camera di Commercio Industria Artigianato e Agricoltura di Como-Lecco,03788830135,"Unione Italiana delle Camere di Commercio Industria, Artigianato e Agricoltura",01484460587
CAMERA DI COMMERCIO INDUSTRIA ARTIGIANATO E AGRICOLTURA DI CREMONA-MANTOVA-PAVIA,02667710202,"Unione Italiana delle Camere di Commercio Industria, Artigianato e Agricoltura",01484460587
Camera di Commercio Industria Artigianato e Agricoltura di Ferrara e Ravenna,02608840399,"Unione Italiana delle Camere di Commercio Industria, Artigianato e Agricoltura",01484460587
Camera di Commercio Industria Artigianato e Agricoltura di Palermo Ed Enna,06530500823,"Unione Italiana delle Camere di Commercio Industria, Artigianato e Agricoltura",01484460587
Camera di Commercio Industria Artigianato e Agricoltura di Pistoia-Prato,02427650979,"Unione Italiana delle Camere di Commercio Industria, Artigianato e Agricoltura",01484460587
Camera di Commercio Industria Artigianato e Agricoltura di Pordenone Udine,02935190302,"Unione Italiana delle Camere di Commercio Industria, Artigianato e Agricoltura",01484460587
Camera di Commercio Industria Artigianato e Agricoltura di Venezia Rovigo,04303000279,"Unione Italiana delle Camere di Commercio Industria, Artigianato e Agricoltura",01484460587
Camera di Commercio Industria Artigianato e Agricoltura Irpinia Sannio,02922710641,"Unione Italiana delle Camere di Commercio Industria, Artigianato e Agricoltura",01484460587
Camera di Commercio Industria Artigianato e Agricoltura Rieti-viterbo,02265670568,"Unione Italiana delle Camere di Commercio Industria, Artigianato e Agricoltura",01484460587
Camera di Commercio Industria Artigianato e Agricoltura Riviere di Liguria - Imperia La Spezia Savona,01704760097,"Unione Italiana delle Camere di Commercio Industria, Artigianato e Agricoltura",01484460587
Camera di Commercio Industria Artigianato e Agricoltura Venezia Giulia,01275660320,"Unione Italiana delle Camere di Commercio Industria, Artigianato e Agricoltura",01484460587
"Camera di Commercio, Iindustria, Artigianato e Agricoltura di Rieti",80001090572,"Unione Italiana delle Camere di Commercio Industria, Artigianato e Agricoltura",01484460587
"Camera di commercio, industria, artigianato e agricoltura della Toscana Nord Ovest",02627810464,"Unione Italiana delle Camere di Commercio Industria, Artigianato e Agricoltura",01484460587
